# Host: localhost  (Version 5.7.13-log)
# Date: 2017-09-13 20:49:50
# Generator: MySQL-Front 6.0  (Build 2.20)


#
# Structure for table "alumnos"
#

CREATE TABLE `alumnos` (
  `idAlumnos` int(10) unsigned NOT NULL AUTO_INCREMENT,
  `Nombre` varchar(45) DEFAULT NULL,
  `Apellido` varchar(45) DEFAULT NULL,
  `DNI` int(11) DEFAULT NULL,
  `FechaNac` date DEFAULT NULL,
  `Direccion` varchar(255) DEFAULT NULL,
  `Localidad` varchar(45) DEFAULT NULL,
  `Telefono` int(11) DEFAULT NULL,
  `Mail` varchar(45) DEFAULT NULL,
  `Legajo` int(11) DEFAULT NULL,
  `Foto` blob,
  `Estado` enum('REGULAR','LIBRE','EGRESADO') DEFAULT NULL,
  PRIMARY KEY (`idAlumnos`)
) ENGINE=InnoDB AUTO_INCREMENT=1123 DEFAULT CHARSET=utf8;

#
# Data for table "alumnos"
#

INSERT INTO `alumnos` VALUES (1,'HERNÁN','ACUÑA',41846131,'1999-06-06','Bº LOMAS DE TAFI SECTOR 11-- MZA 4 -- CASA 6','TAFI VIEJO',381,NULL,7766,NULL,'REGULAR'),(2,'JULIO MAXIMILIANO','BERTA',41698834,'1998-12-22','JUJUY 1707','SAN MIGUEL DE TUCUMAN',4,NULL,4334,NULL,NULL),(3,'FRANCO DAVID','CAMPERO',41495030,'1999-02-01','AV. ALEM PISO 7º -- DPTO F 150','SAN MIGUEL DE TUCUMAN',4,NULL,2325,NULL,NULL),(4,'LUCA LEONARDO','CELERINO',41950401,'1999-04-30','AV. SOLANO VERA 1170','YERBA BUENA',4,NULL,7654,NULL,NULL),(5,'FACUNDO SEBASTIAN','CHAILE',41959879,'1999-06-18','SARMIENTO 276','BELLA VISTA',4,NULL,4356,NULL,NULL),(6,'MAURICIO RUBÉN','CORREA',41495097,'1999-02-24','Bº LOMAS DE TAFI SECTOR 14 -- MZA 9 -- CASA 29','TAFI VIEJO',381,NULL,2234,NULL,NULL),(7,'NICOLÁS MARTÍN','DODE',41425800,'1998-08-28','MARCOS AVELLANEDA- PA 33','SAN MIGUEL DE TUCUMAN',4,NULL,8766,NULL,NULL),(8,'MARCOS GABRIEL','ESTAPE',41345070,'1998-07-02','SAN LORENZO 1141','SAN MIGUEL DE TUCUMAN',4,NULL,8675,NULL,NULL),(9,'MAURO AGUSTÍN','FILSINGER',41816782,'1998-10-05','SAN LORENZO 1632','SAN MIGUEL DE TUCUMAN',4915101,NULL,NULL,NULL,NULL),(10,'MAURICIO','GIMENEZ',41276271,'1998-09-01','ERNESTO PADILLA PISO 1 DPTO G 50','SAN MIGUEL DE TUCUMAN',4,NULL,NULL,NULL,NULL),(11,'PATRICIO NAHUEL','GIMENEZ CORDOBA',41698935,'1999-01-07','Bº ALTOS DEL MANANTIAL MZA A -- CASA 20','YERBA BUENA',381,NULL,NULL,NULL,NULL),(12,'PATRICIO EZEQUIEL','IBAÑEZ',41649881,'1998-11-27','Bº KINDER MZA 12 -- CASA 2','SAN MIGUEL DE TUCUMAN',4,NULL,NULL,NULL,NULL),(13,'JUAN MANUEL','INGALINA',41763321,'1999-03-03','VIRGEN DE LA MERCED PISO 4º DPTO C 323','SAN MIGUEL DE TUCUMAN',381,NULL,NULL,NULL,NULL),(14,'RODRIGO MATÍAS','LOPEZ ZOTTOLA',41383608,'1998-10-20','HONDURAS 1310','SAN MIGUEL DE TUCUMAN',4,NULL,NULL,NULL,NULL),(15,'DUILIO LAUTARO','MATTEUCCI',41698947,'1998-12-28','LIBERTAD 184','SAN MIGUEL DE TUCUMAN',4,NULL,NULL,NULL,NULL),(16,'RICARDO MARCELINO','MEDINA',41649452,'1998-11-20','LAVALLE 534','BANDA DEL RIO SALI',4,NULL,NULL,NULL,NULL),(17,'GUSTAVO MAURICIO','MENESES ANCALLE',94339520,'1998-12-17','Bº NESTOR KICHNER MZA 8 LOTE 24','SAN MIGUEL DE TUCUMAN',381,NULL,NULL,NULL,NULL),(18,'LUCAS DANIEL','MONTEROS',41446141,'1998-08-25','PJE PEDRO MEDRANO 508','SAN MIGUEL DE TUCUMAN',4,NULL,NULL,NULL,NULL),(19,'EZEQUIEL','OLMOS HELUANE',41649254,'1998-10-29','AV. MATE DE LUNA PISO 6º -- DPTO E 1620','SAN MIGUEL DE TUCUMAN',4,NULL,NULL,NULL,NULL),(20,'ADRIÁN JUAN MANUEL','PAZ',41425808,'1998-07-19','Bº 260 VIV. MZA A -- CASA 3 (JOSE MALABIA 2423)','SAN MIGUEL DE TUCUMAN',381,NULL,NULL,NULL,NULL),(21,'SERGIO AGUSTÍN','PUCCI',41772449,'1999-03-22','SAN LORENZO 2984','SAN MIGUEL DE TUCUMAN',381,NULL,NULL,NULL,NULL),(22,'BRAIAN EXEQUIEL','REYNAGA',41375222,'1998-07-17','Bº OESTE II MZA E -- BLOCK 7 -- DPDTO 4','SAN MIGUEL DE TUCUMAN',381,NULL,NULL,NULL,NULL),(23,'JOSÉ AGUSTÍN','ROLDAN',41494981,'1998-12-04','Bº PORTAL MZA E -- CASA 17','SAN PABLO ',4,NULL,NULL,NULL,NULL),(24,'HÉCTOR CÉSAR','ROMERO',41446252,'1998-09-14','SAN LUIS 1513','SAN MIGUEL DE TUCUMAN',4,NULL,NULL,NULL,NULL),(25,'JOAQUÍN ENRIQUE','RUBIO',41446847,'1998-10-04','ALVAREZ CONDARCO 120','SAN MIGUEL DE TUCUMAN',4,NULL,NULL,NULL,NULL),(26,'CRISTHIAN DANIEL','RUIZ VERON',41959983,'1999-03-17','GENERAL PAZ 2102','SAN MIGUEL DE TUCUMAN',4,NULL,NULL,NULL,NULL),(27,'EDUARDO FEDERICO','SOSA',41494966,'1999-01-04','CHICLANA 1091','SAN MIGUEL DE TUCUMAN',4,NULL,NULL,NULL,NULL),(28,'FACUNDO ANTONIO','TORRES',41650504,'1998-09-24','THAMES 1060','SAN MIGUEL DE TUCUMAN',4,NULL,NULL,NULL,NULL),(29,'GIULIANO','TRAPAGLIA RAINIERI',41276238,'1998-08-18','JOSE COLOMBRES 1978','SAN MIGUEL DE TUCUMAN',4270400,NULL,NULL,NULL,NULL),(30,'TOMÁS','WERENITZKY',41533616,'1999-01-29','Bº TELEFÓNICO MZA E -- LOTE 21','YERBA BUENA',4,NULL,NULL,NULL,NULL),(31,'JUAN IGNACIO','AJMAT',41649548,'1998-11-26','LAVALLE DPTO 1 823','SAN MIGUEL DE TUCUMAN',4,NULL,NULL,NULL,NULL),(32,'FABRICIO','ANTONUCCIO',41870543,'1999-05-03','PJE GARCIA (ALTURA BOLIVIA 50) 1410','SAN MIGUEL DE TUCUMAN',4,NULL,NULL,NULL,NULL),(33,'SERGIO DAVID','ARCE',41494924,'1999-01-11','Bº 260 VIV. MZA C -- CASA 9 (ALTURA TORRES POSSE 2','EL MANANTIAL',381,NULL,NULL,NULL,NULL),(34,'ALEX FERNANDO','BROLL',41508177,'1998-10-16','RUBEN DARIO 589','YERBA BUENA',4,NULL,NULL,NULL,NULL),(35,'FRANCO GABRIEL','CARDOZO',41446703,'1998-09-15','PJE JUAN PADROS (ALTURA 9 DE JULIO 2500) 353','SAN MIGUEL DE TUCUMAN',4,NULL,NULL,NULL,NULL),(36,'NAHUEL','CHAVEZ',41376562,'1998-11-10','Bº PARQUE SUR MZA M --CASA 6 ALBERDI 3972','SAN MIGUEL DE TUCUMAN',4,NULL,NULL,NULL,NULL),(37,'LORENZO','CIMAROSTI CARBONELL',41495136,'1999-02-26','Bº CONGRESO MZA S -- CASA 6','SAN MIGUEL DE TUCUMAN',4,NULL,NULL,NULL,NULL),(38,'LUCIANO SEBASTÍAN','EGEA',41383645,'1998-10-26','LIDORO QUINTEROS 1143','SAN MIGUEL DE TUCUMAN',4,NULL,NULL,NULL,NULL),(39,'MATÍAS AGUSTÍN','FERREYRA',41950223,'1999-05-24','SANTO DOMINGO 840','YERBA BUENA',4,NULL,NULL,NULL,NULL),(40,'MATEO','FILMANN',41869589,'1999-05-23','Bº AGET BLOCK 22 -- DPTO 6','SAN MIGUEL DE TUCUMAN',4,NULL,NULL,NULL,NULL),(41,'MAURICIO JEREMÍAS','GARCIA',41495169,'1999-02-10','Bº LOMAS DE TAFI SECTOR 19 MZA 11 CASA 17','TAFI VIEJO',381,NULL,NULL,NULL,NULL),(42,'FRANCISCO SANTIAGO','GIMENEZ',41374290,'1998-08-13','ROCA 54','EL MANANTIAL ',4,NULL,NULL,NULL,NULL),(43,'MIGUEL ANGEL','MANZUR ETER',41375453,'1998-07-22','COLOMBIA 1307','SAN MIGUEL DE TUCUMAN',4,NULL,NULL,NULL,NULL),(44,'ADRIÁN IGNACIO','MEDINA GONZALEZ',41650069,'1998-12-22','PARAGUAY (CASA DEL ABUELO) 429','SAN MIGUEL DE TUCUMAN',4,NULL,NULL,NULL,NULL),(45,'MARTÍN SEBASTÍAN','PALOMO',41698854,'1999-01-23','Bº CGT MZA C -- CASA 22','SAN MIGUEL DE TUCUMAN',4,NULL,NULL,NULL,NULL),(46,'MATÍAS EXEQUIEL','PERALTA',43026417,'1998-03-27','PJE CABILDO 1464','SAN MIGUEL DE TUCUMAN',4,NULL,NULL,NULL,NULL),(47,'FRANCO NICOLÁS','PORTAS PAEZ',41763517,'1999-02-20','PJE LA PAMPA 60','YERBA BUENA',4,NULL,NULL,NULL,NULL),(48,'AUGUSTO NICOLÁS','RAMON',41649684,'1998-11-27','Bº OESTE II MZA K -- BLOCK 14 -- DPTO 1','SAN MIGUEL DE TUCUMAN',381,NULL,NULL,NULL,NULL),(49,'JORGE MARTÍN NICOLÁS','RIVERO',41870516,'1998-11-18','PJE LUIS SAENZ PEÑA 2847','SAN MIGUEL DE TUCUMAN',4,NULL,NULL,NULL,NULL),(50,'BRUNO GABRIEL','ROMERO',42007030,'1999-07-26','Bº PARQUE SUR MZA L-- CASA 28 ---JUJUY 4000','SAN MIGUEL DE TUCUMAN',4,NULL,NULL,NULL,NULL),(51,'IVÁN GABRIEL','RUIZ',41771943,'1999-02-24','MAGALLANES 2857','SAN MIGUEL DE TUCUMAN',4,NULL,NULL,NULL,NULL),(52,'EMILIO ALEJANDRO','SALOMON',41771677,'1999-03-12','CALLE 9 246','LAS TALITAS',4,NULL,NULL,NULL,NULL),(53,'FRANCISCO EZEQUIEL','SORIA',41495944,'1998-12-17','AV. BELGRANO 600','SAN MIGUEL DE TUCUMAN',4,NULL,NULL,NULL,NULL),(54,'TADEO','SUAREZ ROLDÁN',41698829,'1999-01-26','AV. ALEM PISO 5º -- DPTO E 1758','SAN MIGUEL DE TUCUMAN',381,NULL,NULL,NULL,NULL),(55,'LAUTARO NAHUEL','TOLEDO RISSO',41446834,'1998-10-21','AV. GOBERNADOR DEL CAMPO 1284','SAN MIGUEL DE TUCUMAN',4,NULL,NULL,NULL,NULL),(56,'FRANCISCO ALBERTO','VALDEZ',41345916,'1998-08-20','MARTIN RODRIGUEZ 340','SAN MIGUEL DE TUCUMAN',381,NULL,NULL,NULL,NULL),(57,'CARLOS EXEQUIEL','VILLA',41984499,'1999-02-28','FINCA SANTA BARBARA (JUJUY Y AUTOPISTA)','SAN MIGUEL DE TUCUMAN',381,NULL,NULL,NULL,NULL),(58,'VERÓNICA GEORGINA','ZANNIER MOCSARY',41375356,'1998-07-27','MUÑECAS, PISO 11 DPTO C 772','SAN MIGUEL DE TUCUMAN',4,NULL,NULL,NULL,NULL),(59,'MATÍAS EZEQUIEL','BAZÁN VALLADARES',41950861,'1999-06-19','LIBERTAD 236','SAN MIGUEL DE TUCUMAN',4,NULL,NULL,NULL,NULL),(60,'JULIO BRIAN','BELTRAN',43770970,'1999-10-19','CALLE 15 393','LAS TALITAS',4,NULL,NULL,NULL,NULL),(61,'SERGIO MARTÍN','BUTELER',41276098,'1998-07-31','Bº LOMAS DE YERBA BUENA -- LOTE 8','YERBA BUENA',4,NULL,NULL,NULL,NULL),(62,'SANTIAGO MIGUEL','CAJAL',41446314,'1998-09-25','CORONEL ZELAYA 2229','SAN MIGUEL DE TUCUMAN',381,NULL,NULL,NULL,NULL),(63,'HÉCTOR RODRIGO','CLAVERIE GONZALEZ',41535250,'1999-03-26','SALTA 1128','TAFI VIEJO',381,NULL,NULL,NULL,NULL),(64,'LEANDRO ADRIÁN','CROVO GIANUZZI',41650141,'2000-03-07','DESCONOCIDO','DESCONOCIDO',111,NULL,NULL,NULL,NULL),(65,'MILTON ALEJANDRO','CUENCA ORDOÑEZ',41494595,'1999-01-06','GÜEMES 820','SAN MIGUEL DE TUCUMAN',4,NULL,NULL,NULL,NULL),(66,'FRANCO MATÍAS','DADÍN',41383855,'1998-12-04','Bº PARQUE SUR MZA K -- CASA 30','SAN MIGUEL DE TUCUMAN',4,NULL,NULL,NULL,NULL),(67,'FACUNDO','HSIAO',41870974,'1999-05-19','SALAS Y VALDEZ 96','YERBA BUENA',4,NULL,NULL,NULL,NULL),(68,'JUAN IGNACIO','HUACO AILAN',41494971,'1998-12-26','Bº SAN JOSE III MZA H -- CASA 12','YERBA BUENA',4,NULL,NULL,NULL,NULL),(69,'MARIANO GABRIEL','INCINGA',40953030,'1997-12-18','Bº BLASCO II MZA G -- CASA 17 (ALTURA JUJUY 4000)','SAN MIGUEL DE TUCUMAN',4,NULL,NULL,NULL,NULL),(70,'MATÍAS EMANUEL','LEGUIZAMON',41446322,'1998-09-23','Bº PARQUE SUR MZA G -- CASA 14','SAN MIGUEL DE TUCUMAN',4,NULL,NULL,NULL,NULL),(71,'MIGUEL ANGEL','LEGUIZAMON',41650492,'1998-12-20','RIVADAVIA 2800','SAN MIGUEL DE TUCUMAN',4,NULL,NULL,NULL,NULL),(72,'SANTIAGO MARTÍN','LEGUIZAMON',41446614,'1998-10-01','PJE MALABIA (ALTURA LA RIOJA 1600) 1119','SAN MIGUEL DE TUCUMAN',4,NULL,NULL,NULL,NULL),(73,'MATÍAS JOSÉ','MALDONADO',41446657,'1998-10-05','PERU 3850','SAN MIGUEL DE TUCUMAN',4,NULL,NULL,NULL,NULL),(74,'PABLO','MARTINEZ',41870465,'1999-02-03','Bº AGEF MZA A -- CASA 8','SAN MIGUEL DE TUCUMAN',4,NULL,NULL,NULL,NULL),(75,'ENZO DAVID','MENA',41425051,'1998-07-24','BOLIVIA 157','YERBA BUENA',4,NULL,NULL,NULL,NULL),(76,'FRANCISCO DAVID','MERCADO',41446817,'1998-10-15','Bº AMPLIACION KENNEDY PJE MONTSERRAT 3413','SAN MIGUEL DE TUCUMAN',4,NULL,NULL,NULL,NULL),(77,'LEANDRO ROBERTO','OLIVA',41276188,'1998-07-23','PJE ARAGON 849','SAN MIGUEL DE TUCUMAN',4,NULL,NULL,NULL,NULL),(78,'GERMÁN DANIEL','ORELLANA',41361540,'1998-07-28','STA. ROSA DE LEALES Bº NORTE 1º CUADRA','LEALES',381,NULL,NULL,NULL,NULL),(79,'IVÁN','ORTIZ',41496116,'1998-11-14','PJE LUCIO V LOPEZ 439','SAN MIGUEL DE TUCUMAN',NULL,NULL,NULL,NULL,NULL),(80,'ÁNGEL','PERALTA CAYATA',41649282,'1998-08-26','Bº POLICIAL III MZA M -- CASA 26','TAFI VIEJO',4,NULL,NULL,NULL,NULL),(81,'CARLOS FACUNDO','PEREZ',41870157,'1999-05-07','MZA H CASA 6 Bº AMPLIACION SOEME',NULL,2147483647,NULL,NULL,NULL,NULL),(82,'GUSTAVO RAFAEL','PEREZ LUACES',41771627,'1999-03-06','ZAVALIA 480','YERBA BUENA',4,NULL,NULL,NULL,NULL),(83,'CRISTIAN EDUARDO','PONCE',41383722,'1998-11-23','PJE LUIS SAENZ PEÑA 2550','SAN MIGUEL DE TUCUMAN',4,NULL,NULL,NULL,NULL),(84,'GERARDO HUMBERTO','PONCE',41184674,'1998-07-04','Bº TARCOS II MARTIN RODRIGUEZ 1642','SAN MIGUEL DE TUCUMAN',4,NULL,NULL,NULL,NULL),(85,'NICOLÁS MAXIMILIANO','RAMOS',41375029,'1998-07-11','Bº 260 VIVIENDAS MZA J -- CASA 23','SAN MIGUEL DE TUCUMAN',4,NULL,NULL,NULL,NULL),(86,'FACUNDO SEBASTIAN','ROJAS SANCHEZ',41833393,'1999-04-06','Bº EL GRAFICO SECTOR 1 -- MZA C -- CASA 27','LAS TALITAS',381,NULL,NULL,NULL,NULL),(87,'RAMIRO AUGUSTO','SOULE MARZORATTI',41300290,'1998-06-05','AV. ROCA 160','SAN MIGUEL DE TUCUMAN',381,NULL,NULL,NULL,NULL),(88,'MAURO CAMILO','VALDES ROSATTI',41772407,'1999-02-27','BOLIVAR 1599','SAN MIGUEL DE TUCUMAN',4,NULL,NULL,NULL,NULL),(89,'WALTER RODRIGO','ACOSTA',40696034,'1997-08-25','RONDEAU 1587','SAN MIGUEL DE TUCUMAN',4,NULL,NULL,NULL,NULL),(90,'CARLOS DANIEL','APARICIO',40696248,'1997-09-05','MARTÍN FIERRO (AV MITRE 2900) 352','SAN MIGUEL DE TUCUMAN',4,NULL,NULL,NULL,NULL),(91,'GONZALO','ARAGÓN',40918896,'1998-01-08','PJE JUAN CRUZ VARELA 2º PISO DPTO 37 2095','SAN MIGUEL DE TUCUMAN',4,NULL,NULL,NULL,NULL),(92,'JUAN IGNACIO','ARROYO MENDIETA',40902519,'1997-12-06','Bº ATEP PJE ELISEO CANTON 755','SAN MIGUEL DE TUCUMAN',381,NULL,NULL,NULL,NULL),(93,'JORGE FABRIZIO','CARUGATTI',40953160,'1998-02-03','LAS HERAS 1763','SAN MIGUEL DE TUCUMAN',4,NULL,NULL,NULL,NULL),(94,'MARCELO AGUSTÍN','CONTRERAS',41182117,'1998-04-23','ASUNCION 2509','SAN MIGUEL DE TUCUMAN',4,NULL,NULL,NULL,NULL),(95,'FACUNDO GABRIEL','CÓRDOBA',40531353,'1997-08-16','PJE COVIELLO (ALTURA BULNES 550) 3271','SAN MIGUEL DE TUCUMAN',381,NULL,NULL,NULL,NULL),(96,'EROS MATEO','DE ÁNGELIS',40782723,'1997-10-09','JUJUY DPTO 11 241','SAN MIGUEL DE TUCUMAN',4,NULL,NULL,NULL,NULL),(97,'IGNACIO ELÍAS','FAUZE',41299826,'1998-06-07','LAS PIEDRAS DPTO 3 268','SAN MIGUEL DE TUCUMAN',4,NULL,NULL,NULL,NULL),(98,'FACUNDO EMANUEL','GALIANO',40695988,'1997-07-30','Bº LAS ACACIAS MZA A -- CASA 7','YERBA BUENA',4,NULL,NULL,NULL,NULL),(99,'FRANCISCO MATÍAS','GALLARDO',40727152,'1997-08-02','CRISOSTOMO ALVAREZ PISO 2º -- DPTO D 1035','SAN MIGUEL DE TUCUMAN',381,NULL,NULL,NULL,NULL),(100,'GERARDO DANIEL','GAMBOA',40237136,'1997-01-10','CALLE 15 481','LAS TALITAS',4,NULL,NULL,NULL,NULL),(101,'SOLANO JAVIER','HERRERA',40696457,'1997-08-25','Bº CONGRESO MZA N -- CASA 6','SAN MIGUEL DE TUCUMAN',4,NULL,NULL,NULL,NULL),(102,'NICOLÁS','LÓPEZ GIL',40983542,'1997-11-28','RAMÍREZ DE VELAZCO 488','EL MANANTIAL',4,NULL,NULL,NULL,NULL),(103,'MARTÍN','LÓPEZ VERA',41126036,'1998-04-10','ALBERDI 97','SAN MIGUEL DE TUCUMAN',4,NULL,NULL,NULL,NULL),(104,'GUSTAVO ADOLFO','MARTÍN GARCÍA',41182034,'1998-04-20','CRISÓSTOMO ÁLVAREZ 2337','SAN MIGUEL DE TUCUMAN',4,NULL,NULL,NULL,NULL),(105,'JORGE SEBASTIÁN','MOYANO',41144542,'1998-04-30','ADAN QUIROGA 67','LASTENIA',4,NULL,NULL,NULL,NULL),(106,'EXEQUIEL ALBERTO','NIETO',39542753,'2000-04-18','DESCONOCIDO','DESCONOCIDO',111,NULL,NULL,NULL,NULL),(107,'MARIO HERNÁN','NÚÑEZ',41090917,'1998-02-25','AYACUCHO S/N 1ª CUADRA','ALDERETES',4,NULL,NULL,NULL,NULL),(108,'GONZALO EXEQUIEL','OSORES',40902375,'1997-11-21','PJE CATAMARCA 2895','LAS TALITAS',4,NULL,NULL,NULL,NULL),(109,'MARCOS LEONEL','PACHECO',39356093,'2000-04-21','DESCONOCIDO','DESCONOCIDO',111,NULL,NULL,NULL,NULL),(110,'GASTÓN EMILIANO','PEDRAZA',41061737,'1998-03-24','ANICETO DE LA TORRE 731','EL MANANTIAL',4,NULL,NULL,NULL,NULL),(111,'LUCAS DAVID','PEDRAZA',42719679,'1997-11-29','INCA GARCILAZO 1172','SAN MIGUEL DE TUCUMAN',4,NULL,NULL,NULL,NULL),(112,'JUAN CRUZ','RODRÍGUEZ',40727133,'1997-09-30','ECUADOR PISO 7º -- DPTO D 2950','SAN MIGUEL DE TUCUMAN',4,NULL,NULL,NULL,NULL),(113,'ALEXIS JAVIER','RODRÍGUEZ COSTILLA',40533587,'1997-07-02','BALCARCE 1987','SAN MIGUEL DE TUCUMAN',4271692,NULL,NULL,NULL,NULL),(114,'MAURICIO JOSÉ','ROMANO',40533332,'1997-06-20','Bº EL COLMENAR BALCARCE 2755','SAN MIGUEL DE TUCUMAN',4273245,NULL,NULL,NULL,NULL),(115,'JOSÉ AGUSTÍN','RUBIO',41059073,'1998-02-24','CRISÓSTOMO ALVAREZ 791','SAN MIGUEL DE TUCUMAN',4212886,NULL,NULL,NULL,NULL),(116,'LUIS GERARDO','SALVATIERRA',40437410,'2000-04-28','DESCONOCIDO','DESCONOCIDO',111,NULL,NULL,NULL,NULL),(117,'JAVIER EMILIO','SBROCCO',40953063,'1998-01-04','B° LOMAS DE TAFÍ MZ 34 CASA 19','TAFI VIEJO',4926243,NULL,NULL,NULL,NULL),(118,'CRISTIAN MATÍAS','SILVA',41299749,'1998-09-08','SAN MARTÍN 586','BELLA VISTA',4821192,NULL,NULL,NULL,NULL),(119,'AGUSTÍN','URÍA',41059434,'1998-03-20','PJE. CARLOS GARDEL 935','SAN MIGUEL DE TUCUMAN',4,NULL,NULL,NULL,NULL),(120,'GONZALO JEIEL','WIERNA',40824594,'1997-12-09','RUTA 306-- KM 8 (PACARA PINTADO)','SAN MIGUEL DE TUCUMAN',381,NULL,NULL,NULL,NULL),(121,'GABRIEL LEONEL','ZELARAYÁN ',40435051,'2000-05-03','DESCONOCIDO','DESCONOCIDO',111,NULL,NULL,NULL,NULL),(122,'FABIÁN AGUSTÍN','AMENTA',41153618,'1997-11-11','GENERAL PAZ PISO 2º -- DPTO D 178','SAN MIGUEL DE TUCUMAN',4,NULL,NULL,NULL,NULL),(123,'FACUNDO','ARISMENDI',40697559,'1997-09-30','ITUZAINGO 702','YERBA BUENA',4,NULL,NULL,NULL,NULL),(124,'ALEXIS EDGARDO','BANCES',41375346,'1998-07-01','AV. COLON 383','SAN MIGUEL DE TUCUMAN',4,NULL,NULL,NULL,NULL),(125,'MARCELO MIGUEL','BARRIENTOS',41035754,'1998-04-01','PJE EINSTEIN 1070','SAN MIGUEL DE TUCUMAN',381,NULL,NULL,NULL,NULL),(126,'MAURO AGUSTÍN','BONO',40782604,'1997-10-05','AV. COLÓN 1162','SAN MIGUEL DE TUCUMAN',4,NULL,NULL,NULL,NULL),(127,'MARCOS DANIEL','BORRÁS',40965243,'1998-02-23','AV. SANTO CRISTO SAN JUAN 124','BANDA DEL RIO SALI',4,NULL,NULL,NULL,NULL),(128,'GERÓNIMO','BOSCARINO',40697703,'1997-11-13','AV. CENTRAL BLOCK 11 -- PISO 2° -- DPTO B 4100','SAN MIGUEL DE TUCUMAN',4,NULL,NULL,NULL,NULL),(129,'JAVIER FRANCISCO','BRAVO WÜRSCHMIDT',40534349,'1997-07-07','PRINGLES 1030','YERBA BUENA',4,NULL,NULL,NULL,NULL),(130,'SERGIO DAVID','CARRIÓN',40533793,'1997-07-26','CORRIENTES 4452','SAN MIGUEL DE TUCUMAN',4,NULL,NULL,NULL,NULL),(131,'MATÍAS SEBASTIÁN','CARRIZO',40438550,'1997-05-20','PJE PARANA 140','EL MANANTIAL',381,NULL,NULL,NULL,NULL),(132,'FRANCO MARCELINO','CHIPANA CHAJCHAYA',39975098,'1996-10-10','Bº CRUCERO BELGRANO MZA F -- LOTE 11','SAN MIGUEL DE TUCUMAN',4,NULL,NULL,NULL,NULL),(133,'LUCAS','CIMADEVILLA',40629950,'1997-11-07','LOMAS DE TAFÌ- SECTOR XI--MZ8--L 2 - C 6','TAFI VIEJO',381,NULL,NULL,NULL,NULL),(134,'WALTER MIGUEL','CONTICELLO',40237921,'2000-05-16','DESCONOCIDO','DESCONOCIDO',111,NULL,NULL,NULL,NULL),(135,'FACUNDO MANUEL','CÓRDOBA',41238672,'1998-05-26','BUENOS AIRES 1212','SAN MIGUEL DE TUCUMAN',4,NULL,NULL,NULL,NULL),(136,'FACUNDO NICOLÁS','DÍAZ BOLLEA',40953299,'1998-01-18','Bº SAN GABRIEL MZA B -- CASA 19','LAS TALITAS',4,NULL,NULL,NULL,NULL),(137,'JUAN SEBASTIÁN','DOZ',40782743,'1997-10-22','SAN LORENZO 1074','SAN MIGUEL DE TUCUMAN',4,NULL,NULL,NULL,NULL),(138,'AUGUSTO ÁNGEL','ESCUDERO',41061741,'1998-03-09','Bº RINCON DEL ESTE MZA F -- CASA 21','ALDERETES',4,NULL,NULL,NULL,NULL),(139,'FERNANDO ISMAEL','ESTRADA',41144658,'2000-05-21','DESCONOCIDO','DESCONOCIDO',111,NULL,NULL,NULL,NULL),(140,'ENZO GABRIEL','FARÍAS RIVADENEIRA',40531359,'2000-05-22','DESCONOCIDO','DESCONOCIDO',111,NULL,NULL,NULL,NULL),(141,'RODRIGO OSCAR','GALARZA',40532635,'1997-06-18','PJE SANTIAGO DEL ESTERO 480','YERBA BUENA',4,NULL,NULL,NULL,NULL),(142,'LAUTARO DANIEL','GARAT',40696473,'1997-09-02','Bº 240 VIV MZ D CASA 28 JUAN PADRÓS 4400','SAN MIGUEL DE TUCUMAN',4,NULL,NULL,NULL,NULL),(143,'SANTIAGO ANDRÉS','GARAY',41184652,'1998-06-27','Bº OESTE II MZA G -- BLOCK 1 -- DPTO 5 -- ECUADOR 4400','SAN MIGUEL DE TUCUMAN',4,NULL,NULL,NULL,NULL),(144,'GERMÁN','HERRERA RODRÍGUEZ',40727319,'1997-10-02','CORRIENTES 4470','SAN MIGUEL DE TUCUMAN',4,NULL,NULL,NULL,NULL),(145,'JOAQUÍN ALEJO','JUÁREZ RODRÍGUEZ',40727282,'1997-09-24','Bº JARDIN PJE BASCARY 2511','SAN MIGUEL DE TUCUMAN',4,NULL,NULL,NULL,NULL),(146,'JERÓNIMO','MADARIAGA ',41059261,'1998-02-16','SAN JUAN 3020','YERBA BUENA',4,NULL,NULL,NULL,NULL),(147,'MARCOS AUGUSTO','MATAR',42499954,'1996-11-28','PJE COSSIO 2500','SAN MIGUEL DE TUCUMAN',4,NULL,NULL,NULL,NULL),(148,'GONZALO HERNÁN','NAHUZ',40827708,'1997-10-27','HELLER 645','YERBA BUENA',4,NULL,NULL,NULL,NULL),(149,'ABEL LEANDRO','PAZ',40953330,'1998-02-06','ENTRE RIOS 1953','SAN MIGUEL DE TUCUMAN',4,NULL,NULL,NULL,NULL),(150,'RODOLFO AGUSTÍN','REYNAGA',40534223,'1997-07-13','CALLE 11 40','LAS TALITAS',4,NULL,NULL,NULL,NULL),(151,'PABLO GASTÓN','RUIZ',41182208,'1998-04-27','Bº AMPLIACIÓN EL GRÁFICO PJE. CHUBUT 1592','SAN MIGUEL DE TUCUMAN',4,NULL,NULL,NULL,NULL),(152,'ÁLVARO NICOLÁS','SOLÓRZANO GIOLITO',40695818,'1997-07-26','BALCARCE 1891','SAN MIGUEL DE TUCUMAN',4,NULL,NULL,NULL,NULL),(153,'FACUNDO','SUÁREZ ROLDÁN',40695701,'1997-08-08','AV ALEM PISO 5º -- DPTO E 1758','SAN MIGUEL DE TUCUMAN',4,NULL,NULL,NULL,NULL),(154,'LAUTARO NAHUEL','VILLAGRA VEGA NIETO',40696081,'1997-08-20','SAN LORENZO 448','SAN MIGUEL DE TUCUMAN',4,NULL,NULL,NULL,NULL),(155,'FEDERICO MATÍAS','AHUMADA IGLESIAS',39729744,'1996-07-16','MARTIN FIERRO 2095','BANDA DEL RIO SALI',4,NULL,NULL,NULL,NULL),(156,'ESTEBAN MANUEL','ÁLVAREZ TORO',40699708,'1997-08-24','Bº EL MIRADOR MZ C CASA 6','VILLA CARMELA',4,NULL,NULL,NULL,NULL),(157,'ANDRÉS','ANDRADE',41375254,'2000-06-08','DESCONOCIDO','DESCONOCIDO',111,NULL,NULL,NULL,NULL),(158,'JOSÉ LUIS','CABOCOTA',40437582,'1997-01-28','TENIENTE MATIENZO 481','SAN MIGUEL DE TUCUMAN',4,NULL,NULL,NULL,NULL),(159,'LUCCA BERNABÉ','CAPONIO',41299851,'1998-06-17','Bº CONGRESO MZ L CASA 14','SAN MIGUEL DE TUCUMAN',381,NULL,NULL,NULL,NULL),(160,'AXEL ABEL','CARABAJAL',40216067,'2000-06-11','DESCONOCIDO','DESCONOCIDO',111,NULL,NULL,NULL,NULL),(161,'MARCELO EZEQUIEL','CHOCOBAR',40953049,'1998-01-04','Bº BARRANCAS DEL SALI MZA D -- CASA 7','SAN MIGUEL DE TUCUMAN',4,NULL,NULL,NULL,NULL),(162,'MARCOS ABEL','CONDE MORALES',40389839,'1997-09-01','AV. AMERICA PISO 1º -- DPTO A 2155','SAN MIGUEL DE TUCUMAN',381,NULL,NULL,NULL,NULL),(163,'MAURICIO NAHUEL','CORIA',40727350,'2000-06-14','DESCONOCIDO','DESCONOCIDO',111,NULL,NULL,NULL,NULL),(164,'IVONNE MYRIAM DEL VALLE','DÍAZ CAJAL',40697782,'1997-12-06','Bº SAN FRANCISCO MZA 25 -- LOTE 8 TORRES POSSE 1600','SAN MIGUEL DE TUCUMAN',4,NULL,NULL,NULL,NULL),(165,'FACUNDO EXEQUIEL','ELÍAS',41182332,'1998-04-15','CUBA 1467','SAN MIGUEL DE TUCUMAN',4,NULL,NULL,NULL,NULL),(166,'NAHUEL SANTIAGO','FARÍAS',40918595,'1997-12-27','CATAMARCA 507','YERBA BUENA',4,NULL,NULL,NULL,NULL),(167,'SANTIAGO DIONICIO','FLORES',41238983,'1998-06-09','Bº SEOC MZA B -- CASA 16 (CONSTITUCION 2100)','SAN MIGUEL DE TUCUMAN',4,NULL,NULL,NULL,NULL),(168,'MARINA AIMÉ','FRUTOS MOCSARY',41182644,'1998-06-04','Bº LOS FRESNOS MZA A -- CASA 36 Bº 110 VIVIENDAS','BANDA DEL RIO SALI',4,NULL,NULL,NULL,NULL),(169,'IVÁN GASTÓN','GABAICEL',40088963,'1996-12-04','LAVAISSE 3850','SAN MIGUEL DE TUCUMAN',4,NULL,NULL,NULL,NULL),(170,'GABRIEL ALEJANDRO','GUTIÉRREZ CUELLO',40695802,'1997-08-09','SALTA PISO 8º-- DPTO C 351','SAN MIGUEL DE TUCUMAN',4,NULL,NULL,NULL,NULL),(171,'AUGUSTO ESTEBAN','IBÁÑEZ',41059122,'1998-02-26','MATHEU 1587','SAN MIGUEL DE TUCUMAN',4,NULL,NULL,NULL,NULL),(172,'ERNESTO FELIPE','LEDESMA',40697692,'1997-11-19','PJE CARLOS GARDEL 2169','YERBA BUENA',4,NULL,NULL,NULL,NULL),(173,'MARIANO NICOLÁS','LETURIA',40727306,'1997-09-24','CRISÓSTOMO ÁLVAREZ DPTO.1 30','SAN MIGUEL  DE TUCUMÁN',4,NULL,NULL,NULL,NULL),(174,'MAXIMILIANO EXEQUIEL','LIZÁRRAGA',40782542,'1997-09-15','JOSE MALABIA 575','SAN MIGUEL DE TUCUMAN',4,NULL,NULL,NULL,NULL),(175,'JULIO LAUTARO','LÓPEZ MALDONADO',40533028,'1997-07-13','DIEGO ROJAS 1161','SAN MIGUEL DE TUCUMAN',381,NULL,NULL,NULL,NULL),(176,'JOSÉ TOMÁS','LORENTE',40533109,'1997-08-15','B° JURAMENTO III MZA C -- CASA 17','YERBA BUENA',4,NULL,NULL,NULL,NULL),(177,'LUIS PABLO','MAMANÍ',41059951,'1998-04-17','MANUEL LIZONDO BORDA 320','SAN MIGUEL DE TUCUMAN',4,NULL,NULL,NULL,NULL),(178,'ÁNGEL MAXIMILIANO','MANCA',40953480,'1997-11-10','Bº 12 DE JUNIO MZ K CASA 13','TAFI VIEJO',4,NULL,NULL,NULL,NULL),(179,'FRANCISCO ROQUE NICOLÁS','MARTÍNEZ',41184702,'1998-08-14','SAN LORENZO ESQUINA CASTRO BARROS 652','TAFI VIEJO',4,NULL,NULL,NULL,NULL),(180,'SERGIO LAUTARO','MOLINA PALACIOS',40782686,'1997-08-02','Bº VIAL II MZA L -- CASA 1','VILLA CARMELA',4,NULL,NULL,NULL,NULL),(181,'MANUEL MAURICIO','PEDRAZA',40435676,'1996-10-23','GRANADEROS 102','SAN MIGUEL DE TUCUMAN',4,NULL,NULL,NULL,NULL),(182,'GABRIEL ANTONIO','PEREIRA',40827788,'1997-11-06','Bº LOMAS DE TAFI SECTOR 9 MZA 8 CASA 46','SAN MIGUEL DE TUCUMAN',4552575,NULL,NULL,NULL,NULL),(183,'FRANCO MARCELO','TONELLO',41182513,'1998-04-19','MORENO 1180','SAN MIGUEL DE TUCUMAN',4,NULL,NULL,NULL,NULL),(184,'SANTIAGO EZEQUIEL','TORRES',39977129,'1996-10-22','LAVAISSE 3819','SAN MIGUEL DE TUCUMAN',4,NULL,NULL,NULL,NULL),(185,'DÉBORA AIMÉ','VILLEGAS ANDINA',41060372,'1998-03-10','GOB. GARMENDIA 41','SAN ANDRES',4,NULL,NULL,NULL,NULL),(186,'GASTÓN NICOLÁS','WILINSKI',40727262,'1997-10-06','Bº 240 VIVIENDA MZA H -- CASA 21','VILLA CARMELA',4,NULL,NULL,NULL,NULL),(187,'VÍCTOR ALEJANDRO','ZANNIER MOCSARY',40534356,'1997-07-15','MUÑECAS PISO 11 DPTO C 772','SAN MIGUEL DE TUCUMAN',4,NULL,NULL,NULL,NULL),(188,'FACUNDO MARTÍN','ZEBALLOS RASELLI',40357709,'1997-08-22','CHACABUCO 1065','SAN MIGUEL DE TUCUMAN',4,NULL,NULL,NULL,NULL),(189,'MARIANO BENJAMÍN','AGUIRRE GONZÁLEZ',39975149,'1996-10-17','ERNESTO PADILLA 1027','SAN MIGUEL DE TUCUMAN',4,NULL,NULL,NULL,NULL),(190,'GERÓNIMO ISAÍAS','ÁVILA',40216391,'1997-02-13','Bº VIAL III MZA F -- CASA 3','VILLA CARMELA',4,NULL,NULL,NULL,NULL),(191,'CARLOS AGUSTÍN','BASCARY',39143666,'2000-07-12','DESCONOCIDO','DESCONOCIDO',111,NULL,NULL,NULL,NULL),(192,'MATÍAS FERNANDO','BELMONTE',40434472,'1997-04-29','Bº BGH MZA B -- CASA 5','LAS TALITAS',4,NULL,NULL,NULL,NULL),(193,'VÍCTOR JAVIER','CÁCEREZ',39730111,'1996-07-02','Bº 360 VIVIENDAS MZA B --CASA 2 (ALTURA CONGRESO 4','SAN MIGUEL DE TUCUMAN',4,NULL,NULL,NULL,NULL),(194,'IVANNA ARACELI','CAMPOS',40828346,'1997-06-09','AMADOR LUCERO 2439','SAN MIGUEL DE TUCUMAN',4,NULL,NULL,NULL,NULL),(195,'JESSICA DANIELA','CONTRERAS',40434596,'1997-05-02','PJE MIRAVAL (ALTURA 9 DE JULIO 3000) 524','SAN MIGUEL DE TUCUMAN',4,NULL,NULL,NULL,NULL),(196,'JOSÉ LUIS','CONTRERAS',39355729,'2000-07-17','DESCONOCIDO','DESCONOCIDO',111,NULL,NULL,NULL,NULL),(197,'RAMIRO JOAQUÍN','CORTEZ',39730874,'1996-07-14','PJE MARIA AUXILIADORA 2039','SAN MIGUEL DE TUCUMAN',4,NULL,NULL,NULL,NULL),(198,'FRANCO LUIS','D\'MAYO SANNA',40238431,'1997-03-18','SANTIAGO DEL ESTERO 3141','SAN MIGUEL DE TUCUMAN',4,NULL,NULL,NULL,NULL),(199,'SEBASTIÁN SALOMÓN','GANDUR',39977029,'1996-09-26','MONTEAGUDO 264','SAN MIGUEL DE TUCUMAN',4,NULL,NULL,NULL,NULL),(200,'MATÍAS HERNÁN','GUERRERO',40086215,'1996-11-05','ALVAREZ CONDARCO 301','SAN MIGUEL DE TUCUMAN',4,NULL,NULL,NULL,NULL),(201,'MAXIMILIANO LEONEL','JAIMES',39975927,'1996-11-02','RECONQUISTA 402','BANDA DEL RIO SALI',4,NULL,NULL,NULL,NULL),(202,'WALTER ALEJANDRO','JIMÉNEZ',36638786,'1997-04-25','BULNES MZA 1 -- BLOCK 16 PB --DPTO B 1020','SAN MIGUEL DE TUCUMAN',4,NULL,NULL,NULL,NULL),(203,'HUGO MAURICIO','LAFUENTE',39357322,'1995-11-14','MANUEL ALBERTI 188','SAN MIGUEL DE TUCUMAN',4,NULL,NULL,NULL,NULL),(204,'EMILIANO GABRIEL','MANSILLA',39973879,'1997-01-02','Bº CGT MZA A -- CASA 9','TAFI VIEJO',4,NULL,NULL,NULL,NULL),(205,'SANTIAGO LEONEL','MARTÍNEZ ESCALERA',39731222,'1996-10-16','Bº 295 VIVIENDAS MZA B -- CASA 15','TAFI VIEJO',4,NULL,NULL,NULL,NULL),(206,'ESTEBAN NICOLÁS','MEDINA MAUVECIN',40275979,'1997-01-23','MENDOZA 2952','SAN MIGUEL DE TUCUMAN',4,NULL,NULL,NULL,NULL),(207,'LAHUEN','ORDANO',40049215,'1996-10-09','SANTA FE 797','SAN MIGUEL DE TUCUMAN',4,NULL,NULL,NULL,NULL),(208,'RODRIGO DANIEL','PAVÓN',40086948,'1996-11-23','RAMIREZ DE VELAZCO 339','EL MANANTIAL ',4,NULL,NULL,NULL,NULL),(209,'SERGIO GABRIEL','PIRINI',39691611,'1996-08-20','Bº 2 DE SEPTIEMBRE MZA 1 -- LOTE 3','SAN MIGUEL DE TUCUMAN',4,NULL,NULL,NULL,NULL),(210,'JOSÉ MANUEL','RAFIN',38487487,'1994-12-06','JUJUY 1158','SAN MIGUEL DE TUCUMAN',4,NULL,NULL,NULL,NULL),(211,'CARLOS VICENTE','RAMOS',40436208,'1997-05-09','Bº 260 VIVIENDAS MZA J -- CASA 23','SAN MIGUEL DE TUCUMAN',4,NULL,NULL,NULL,NULL),(212,'LUCIO OCTAVIO','ROBLES',39725856,'1996-07-08','HONDURAS PISO 11 -- DPTO 3 33','SAN MIGUEL DE TUCUMAN',381,NULL,NULL,NULL,NULL),(213,'JUAN VALOIS','ROBLES ÁLVAREZ',39972770,'1996-06-22','LAS PIEDRAS PISO 2º -- DPTO F 537','SAN MIGUEL DE TUCUMAN',381,NULL,NULL,NULL,NULL),(214,'MARIANO NICOLÁS','ROTGER',40238429,'1997-02-24','PERU 4641','SAN MIGUEL DE TUCUMAN',4,NULL,NULL,NULL,NULL),(215,'FACUNDO GASTÓN','SERRANO',40435835,'1997-05-28','PJE ATAHUALPA 542','TAFI VIEJO',4,NULL,NULL,NULL,NULL),(216,'ALFREDO MAURICIO','SORIA',39726545,'1996-05-20','GENERAL PAZ DPTO 12 1069','SAN MIGUEL DE TUCUMAN',381,NULL,NULL,NULL,NULL),(217,'JUAN PABLO','SORIA',40434410,'1997-04-19','PJE DAVALOS (ALTURA AV SIRIA 1500) 1588','SAN MIGUEL DE TUCUMAN',4,NULL,NULL,NULL,NULL),(218,'ESTEBAN DE JESÚS','VALDEZ',40086684,'1996-10-18','CALLE 1 650','LAS TALITAS',4,NULL,NULL,NULL,NULL),(219,'ÁNGEL LEANDRO','VILLAFAÑE',40356522,'1997-06-02','GENERAL PAZ 2455','SAN MIGUEL DE TUCUMAN',4,NULL,NULL,NULL,NULL),(220,'PEDRO ALBERTO','AGUIRRE',39698479,'1996-06-13','Bº AMPLIACION ELENA WHITE MZA W -- LOTE 22','SAN MIGUEL DE TUCUMAN',4,NULL,NULL,NULL,NULL),(221,'JULIÁN NICOLÁS','ALBORNOZ',39138698,'2000-08-11','DESCONOCIDO','DESCONOCIDO',111,NULL,NULL,NULL,NULL),(222,'JORGE FABRIZIO','ALMARÁZ',40216274,'1997-01-29','COLOMBIA 2968','SAN MIGUEL DE TUCUMAN',4,NULL,NULL,NULL,NULL),(223,'MARCOS RAFAEL','ARCE GÁLVEZ',38742052,'1995-09-08','PJE JONAS SALK (ALTURA AV. ACONQUIJA 2300) 2370','YERBA BUENA',NULL,NULL,NULL,NULL,NULL),(224,'JOSÉ IGNACIO','ÁVILA',40237496,'1997-01-19','SALTA PISO 6º -- DPTO 1 790','SAN MIGUEL DE TUCUMAN',381,NULL,NULL,NULL,NULL),(225,'PABLO LUCAS','BRANDÁN',38744694,'2000-08-15','DESCONOCIDO','DESCONOCIDO',111,NULL,NULL,NULL,NULL),(226,'MARTÍN ALEJANDRO','CAMPERO',40530740,'1997-06-19','Bº EL SOLAR MZA F -- CASA 10','LAS TALITAS',381,NULL,NULL,NULL,NULL),(227,'FEDERICO DEL VALLE','DÍAZ VILLALBA',40087566,'1996-12-03','Bº LOMAS DE TAFI MZA A -- LOTE 1','TAFI VIEJO',4,NULL,NULL,NULL,NULL),(228,'HUGO GABRIEL','FILSINGER',39975197,'1996-09-24','SAN LORENZO 1632','SAN MIGUEL DE TUCUMAN',4,NULL,NULL,NULL,NULL),(229,'NICOLÁS','GONZÁLEZ',40086051,'1996-11-19','MUÑECAS PISO 6º -- DPTO B 486','DESCONOCIDO',4,NULL,NULL,NULL,NULL),(230,'JULIÁN','HOYOS',40087925,'1996-10-21','MENDOZA 2139','SAN MIGUEL DE TUCUMAN',381,NULL,NULL,NULL,NULL),(231,'CARLOS JAVIER','IBÁÑEZ',40355609,'1997-02-11','Bº KIRCHNER MZA 12 -- CASA 2','SAN MIGUEL DE TUCUMAN',381,NULL,NULL,NULL,NULL),(232,'EDGAR MISAEL','ISASMENDI',40727060,'1997-10-09','RAMIREZ DE VELAZQUEZ 660','EL MANANTIAL',4,NULL,NULL,NULL,NULL),(233,'JOSÉ GABRIEL','JORGE',39729526,'1996-07-16','PJE LEON XIII 2993','SAN MIGUEL DE TUCUMAN',4,NULL,NULL,NULL,NULL),(234,'ESTEBAN HERNÁN','LORENZO',40436284,'2000-08-24','DESCONOCIDO','DESCONOCIDO',111,NULL,NULL,NULL,NULL),(235,'OCTAVIO','MADARIAGA',40089655,'1996-10-07','SAN JUAN 3020','YERBA BUENA',4,NULL,NULL,NULL,NULL),(236,'PABLO EMANUEL','MEDINA RODRÍGUEZ',39575454,'2000-08-26','DESCONOCIDO','DESCONOCIDO',111,NULL,NULL,NULL,NULL),(237,'ERIK ESTEBAN','MOLINA RODRÍGUEZ',39698744,'2000-08-27','DESCONOCIDO','DESCONOCIDO',111,NULL,NULL,NULL,NULL),(238,'MARCELO AGUSTÍN','MONTENEGRO',40356413,'1997-05-04','Bº SAN JOSE III MZA 3 -- FL 32','YERBA BUENA',4,NULL,NULL,NULL,NULL),(239,'RODRIGO NICOLÁS','MOYANO',39729670,'1996-08-04','LAS PIEDRAS 2523','SAN MIGUEL DE TUCUMAN',4,NULL,NULL,NULL,NULL),(240,'LEANDRO DANIEL','PÁEZ',40349795,'1997-05-14','CHACABUCO 4196','SAN MIGUEL DE TUCUMAN',4,NULL,NULL,NULL,NULL),(241,'MARTÍN EMMANUEL','PAEZ',39698869,'1996-05-13','Bº SOEME MZA 18 -- LOTE 17','LAS TALITAS',4,NULL,NULL,NULL,NULL),(242,'EDUARDO','POLICHE CANGEMI',39976697,'1996-10-01','PARAGUAY 1951','YERBA BUENA',4,NULL,NULL,NULL,NULL),(243,'EZEQUIEL NICOLÁS','RÍOS',40217354,'1997-01-22','Bº CGT MZA J -- CASA 15','SAN MIGUEL DE TUCUMAN',4,NULL,NULL,NULL,NULL),(244,'FABRIZIO LEONEL','ROLDÁN',39730859,'1996-07-30','PJE LA PLATA (ALTURA FLORIDA 3200) 3211','SAN MIGUEL DE TUCUMAN',4,NULL,NULL,NULL,NULL),(245,'WALTER NICOLÁS','SANTILLÁN',39974239,'1996-08-30','LOLA MORA 54','EL MANANTIAL',4,NULL,NULL,NULL,NULL),(246,'PABLO AGUSTÍN','SORIA',40439191,'1997-05-16','Bº SAN GABRIEL M D C 16','LAS TALITAS',381,NULL,NULL,NULL,NULL),(247,'ENZO FABIÁN ALEJANDRO','TRUJILLO',40434923,'2000-09-06','DESCONOCIDO','DESCONOCIDO',111,NULL,NULL,NULL,NULL),(248,'IVÁN ELÍAS','VALENZUELA FERNÁNDEZ',93850126,'1996-09-18','Bº SAN MARTÍN -LOS NOGALES- MZA 13 CASA 15','TAFI VIEJO',4,NULL,NULL,NULL,NULL),(249,'ATUEL ELÍAS','VILLEGAS ANDINA',39731693,'1996-08-31','GOB. GARMENDIA 141','SAN ANDRES',4,NULL,NULL,NULL,NULL),(250,'CARLOS ISMAEL','ÁLVAREZ MEDRANO',40274447,'1996-02-23','INCA GARCILAZO (ALTURA AV. COLON 1900) 2214','SAN MIGUEL DE TUCUMAN',4,NULL,NULL,NULL,NULL),(251,'GERMÁN LEANDRO','BABICH',39732152,'2000-09-10','DESCONOCIDO','DESCONOCIDO',111,NULL,NULL,NULL,NULL),(252,'MATÍAS ULISES MANUEL','CABRERA',39976671,'1996-10-04','MAIPU 1125','SAN MIGUEL DE TUCUMAN',NULL,NULL,NULL,NULL,NULL),(253,'ANGELO','CAMPESTRINI',40089059,'1996-12-21','MATIENZO 644','SAN MIGUEL DE TUCUMAN',4,NULL,NULL,NULL,NULL),(254,'BENJAMÍN ABEL','DIP FADEL',39975106,'1996-10-03','PJE A. NOUGUES 1800','TAFI VIEJO',4,NULL,NULL,NULL,NULL),(255,'NICOLÁS ABEL','ESTOQUÍN',40087984,'1996-11-26','PJE VIRREY CEBALLOS (ALTURA BULNES 1300) 1360','SAN MIGUEL DE TUCUMAN',4,NULL,NULL,NULL,NULL),(256,'FRANCO NICOLÁS','FERREIRA CÓRDOBA',40355411,'1997-03-15','CONGRESO 1998','SAN MIGUEL DE TUCUMAN',4,NULL,NULL,NULL,NULL),(257,'AGUSTÍN ALEJANDRO','FERULLO',39728403,'1996-06-22','MARIO BRAVO 375','SAN MIGUEL DE TUCUMAN',4,NULL,NULL,NULL,NULL),(258,'JONATHAN DANIEL','FIGUEROA',40238358,'2000-09-17','DESCONOCIDO','DESCONOCIDO',111,NULL,NULL,NULL,NULL),(259,'LUIS NAHUEL','FORNARI',40275635,'1997-02-22','SALAS Y VALDEZ -- TORRE 2 PISO 6º -- DPTO A 1250','SAN MIGUEL DE TUCUMAN',381,NULL,NULL,NULL,NULL),(260,'DRAGAN MIRKO','GASPARIC LEAL',39141089,'2000-09-19','DESCONOCIDO','DESCONOCIDO',111,NULL,NULL,NULL,NULL),(261,'PILAR GUADALUPE','GONZÁLEZ FIGUEROA',40275940,'1997-04-21','AV. INDEPENDENCIA BLOCK 4 PISO 3º PA 4200','SAN MIGUEL DE TUCUMAN',4,NULL,NULL,NULL,NULL),(262,'JUAN JOSÉ','IREN',39571506,'1996-04-26','OJE SUPERI 2598','SAN MIGUEL DE TUCUMAN',4,NULL,NULL,NULL,NULL),(263,'EMANUEL ERNESTO','ITURBE',39974829,'1996-08-27','AV. ALFONSINA STORNI 206','SAN MIGUEL DE TUCUMAN',4,NULL,NULL,NULL,NULL),(264,'JOSÉ DANIEL NICOLÁS','JIMÉNEZ',40695918,'1996-09-25','VILLA AMALIA PJE JHON KENNEDY 39','SAN MIGUEL DE TUCUMAN',4,NULL,NULL,NULL,NULL),(265,'JOAQUÍN IGNACIO','LIISTRO',40217150,'1997-02-17','BERNABE ARAOZ 101','EL MANANTIAL',4,NULL,NULL,NULL,NULL),(266,'LEANDRO MARTÍN','LUNA',39477225,'2000-09-26','DESCONOCIDO','DESCONOCIDO',111,NULL,NULL,NULL,NULL),(267,'PABLO NAHUEL','MALDONADO',40089695,'1996-11-17','RIVADAVIA PISO 8º -- DPTO 3','SAN MIGUEL DE TUCUMAN',4,NULL,NULL,NULL,NULL),(268,'RAMIRO NICOLÁS','PALAVECINO',40085994,'1996-11-16','ISABEL LA CATOLICA 1671','SAN MIGUEL DE TUCUMAN',4,NULL,NULL,NULL,NULL),(269,'MATÍAS NAHUEL','PERALTA',40434420,'1997-03-10','MARCOS AVELLANEDA 1343','SAN MIGUEL DE TUCUMAN',4,NULL,NULL,NULL,NULL),(270,'FRANCO','QUEVEDO',39733042,'1996-09-03','Bº 200 VIVIENDAS MZA B1 -- CASA 18 (ALTURA GOB. DE','SAN MIGUEL DE TUCUMAN',4,NULL,NULL,NULL,NULL),(271,'GIULIANO MARTÍN','REPELE',39144775,'2000-10-01','DESCONOCIDO','DESCONOCIDO',111,NULL,NULL,NULL,NULL),(272,'LUIS GABRIEL','RIVADEO',39729532,'1996-07-21','Bº VIAL II MZA L -- CASA 9','CEBIL REDONDO',4,NULL,NULL,NULL,NULL),(273,'LUIS RODOLFO','SACABA',39728162,'1996-08-13','25 DE MAYO 37','BANDA DEL RIO SALI',4,NULL,NULL,NULL,NULL),(274,'ALVARO JAVIER','VARGAS',40217259,'2000-10-04','DESCONOCIDO','DESCONOCIDO',111,NULL,NULL,NULL,NULL),(275,'ENEAS','YAFAR',40216419,'1997-02-22','PJE NUESTRA SEÑORA DEL HUERTO 3861','SAN MIGUEL DE TUCUMAN',4,NULL,NULL,NULL,NULL),(276,'FACUNDO LEONEL','ZELAYA',40696647,'1997-11-24','DESCONOCIDO','DESCONOCIDO',4,NULL,NULL,NULL,NULL),(277,'JESÚS DAVID','ZERRIZUELA',39360570,'1995-12-29','CHACABUCO PISO 8º -- DPTO E 137','SAN MIGUEL DE TUCUMAN',4,NULL,NULL,NULL,NULL),(278,'ANTONINO DANIEL','ZÓTTOLA',39357406,'1995-12-01','Bº EL BOSQUE ITALIA 1851','SAN MIGUEL DE TUCUMAN',111,NULL,NULL,NULL,NULL),(279,'GASTÓN EMANUEL','ÁLVAREZ',39571784,'1996-05-13','AV. MITRE 159','SAN MIGUEL DE TUCUMAN',381,NULL,NULL,NULL,NULL),(280,'DANIEL','AMOROSO',39355962,'1995-10-26','BºCONGRESO AV. DEMOCRACIA 724','SAN MIGUEL DE TUCUMAN',4,NULL,NULL,NULL,NULL),(281,'ALEJANDRO JOSÉ','ARÁOZ',39698763,'1996-05-22','Bº LOMAS D ETAFI SECTOR 7 -- MZA 11 -- CASA 27','TAFI VIEJO',NULL,NULL,NULL,NULL,NULL),(282,'NICOLÁS EDUARDO','BORDÓN',39138482,'1995-07-03','FLORIDA 76','SAN MIGUEL DE TUCUMAN',4,NULL,NULL,NULL,NULL),(283,'JOAQUÍN FACUNDO','BURGOS',39141824,'1995-08-06','Bº SAN FRANCISCO MZA 25 -- CASA 11','SAN MIGUEL DE TUCUMAN',4,NULL,NULL,NULL,NULL),(284,'PABLO NICOLÁS','BUSCETTO',39698719,'1996-05-27','Bº 200 VIVIENDAS DE VILLUCO MZA A -- CASA 24','SAN MIGUEL DE TUCUMAN',4,NULL,NULL,NULL,NULL),(285,'ALEXIS LEONEL','CABRERA',39355811,'1995-10-26','Bº 300 VIVIENDAS MZA E -- CASA 30','SAN MIGUEL DE TUCUMAN',4,NULL,NULL,NULL,NULL),(286,'AUGUSTO EZEQUIEL','CAMPERO',39481754,'1996-03-26','AV ALEM PISO 7º -- DPTO F 150','SAN MIGUEL DE TUCUMAN',4,NULL,NULL,NULL,NULL),(287,'LUIS RAMIRO','CASANOVAS',38248684,'2000-10-17','DESCONOCIDO','DESCONOCIDO',111,NULL,NULL,NULL,NULL),(288,'LUCIANO ESTEBAN','COZZI',39355614,'1995-10-09','ECUADOR 3345','SAN MIGUEL DE TUCUMAN',4,NULL,NULL,NULL,NULL),(289,'SANTIAGO','LEAL',39356230,'1995-06-16','Bº JUAN PABLO I MZA O -- LOTE 8','SAN MIGUEL DE TUCUMAN',4,NULL,NULL,NULL,NULL),(290,'DANIEL ANDRÉS','MEDINA RODRÍGUEZ',39575453,'1996-05-01','PJE ONCATIVO 1050','SAN MIGUEL DE TUCUMAN',NULL,NULL,NULL,NULL,NULL),(291,'ADRIÁN ALBERTO','ORTIZ MENA',39141221,'1995-09-08','LARREA 1731','SAN MIGUEL DE TUCUMAN',4,NULL,NULL,NULL,NULL),(292,'FEDERICO ALEJANDRO','PÉREZ',38745789,'1995-04-24','LAS HERAS PISO 4º -- DPTO B 361','SAN MIGUEL DE TUCUMAN',4,NULL,NULL,NULL,NULL),(293,'PABLO NICOLÁS','QUIROGA',39477206,'1996-01-15','CONGRESO 1446','SAN MIGUEL DE TUCUMAN',381,NULL,NULL,NULL,NULL),(294,'LUIS EDUARDO','REGUERA SANAVERA',38184296,'2000-10-24','DESCONOCIDO','DESCONOCIDO',111,NULL,NULL,NULL,NULL),(295,'IVÁN JESÚS','RUEDA',38185454,'1994-12-29','Bº SAN MARTIN MZA S -- CASA 27','SAN MIGUEL DE TUCUMAN',NULL,NULL,NULL,NULL,NULL),(296,'JULIÁN','ALMARÁZ',39478615,'1996-01-20','Bº MODELO PJE ZUVIRIA 3330','SAN MIGUEL DE TUCUMAN',4,NULL,NULL,NULL,NULL),(297,'HERNÁN RODRIGO','CASANOVAS',39573143,'1996-03-30','AV. ERNESTO PADILLA 468','SAN MIGUEL DE TUCUMAN',381,NULL,NULL,NULL,NULL),(298,'HUGO LEONEL','CASTILLO',39141220,'1995-08-18','Bº CIUDADELA PJE BURMEISTER 2257','SAN MIGUEL DE TUCUMAN',4,NULL,NULL,NULL,NULL),(299,'ENZO FABRIZIO','CELERINO',39078948,'1995-05-28','SOLANO VERA 1170','YERBA BUENA',4,NULL,NULL,NULL,NULL),(300,'SANTIAGO ALEJANDRO','CHEHUAN',39573104,'1996-03-30','ANZORENA CASA 7 650','YERBA BUENA',4,NULL,NULL,NULL,NULL),(301,'PATRICIO LAUTARO','CIPRIANI',38742091,'1995-11-03','LAMADRID 445','YERBA BUENA',4,NULL,NULL,NULL,NULL),(302,'DAVID AUGUSTO','GAMBOA',38249039,'1994-12-05','CALLE 15 481','LAS TALITAS',4,NULL,NULL,NULL,NULL),(303,'LUIS MANUEL','GÓMEZ SALAS',39145516,'1995-09-25','PJE VICTORIANO DE LA PLAZA 1929','SAN MIGUEL DE TUCUMAN',4,NULL,NULL,NULL,NULL),(304,'FRANCO EXEQUIEL','GONZÁLEZ',39477499,'1996-02-08','MAGALLANES 720','SAN MIGUEL DE TUCUMAN',4,NULL,NULL,NULL,NULL),(305,'ALVARO RAFAEL','GUTIÉRREZ FALCÓN',39477202,'1995-12-28','LIDORO QUINTERO 62','SAN MIGUEL DE TUCUMAN',4,NULL,NULL,NULL,NULL),(306,'LAUTARO ISMAEL','HATEM',37725111,'2000-11-05','DESCONOCIDO','DESCONOCIDO',111,NULL,NULL,NULL,NULL),(307,'GERÓNIMO','HERRERA RODRÍGUEZ',39145556,'1995-09-26','CORRIENTES 4470','SAN MIGUEL DE TUCUMAN',4,NULL,NULL,NULL,NULL),(308,'ERIK GASTÓN','LUCCA',39573229,'1996-04-09','Bº SARMIENTO PJE EVARISTO CARRIEGO 1072','SAN MIGUEL DE TUCUMAN',4,NULL,NULL,NULL,NULL),(309,'JUAN MANUEL','NAHUZ',39573256,'1996-04-06','HELLER 645','YERBA BUENA',4,NULL,NULL,NULL,NULL),(310,'NICOLÁS MAXIMILIANO','ORIGUELA',39478577,'1996-01-17','LABERDI MZA D -- CASA 17 1400','SAN MIGUEL DE TUCUMAN',4,NULL,NULL,NULL,NULL),(311,'MATÍAS PATRICIO','PALOMO',39575493,'1996-05-04','Bº CGT MZA C -- CASA 22','SAN MIGUEL DE TUCUMAN',4,NULL,NULL,NULL,NULL),(312,'MAURIZIO','PIEROBÓN',39481108,'1996-02-26','LAPRIDA P. ALTA 1968','SAN MIGUEL DE TUCUMAN',381,NULL,NULL,NULL,NULL),(313,'GASTÓN NICOLÁS','RAMÓN',39146055,'1995-10-06','SANTO DOMINGO 777','YERBA BUENA',4,NULL,NULL,NULL,NULL),(314,'RODRIGO GONZALO','VÁZQUEZ RODRÍGUEZ',39141390,'1995-09-29','PJE. HOLMBERG 2743','SAN MIGUEL DE TUCUMAN',4,NULL,NULL,NULL,NULL),(315,'AUGUSTO DAMIÁN','ANIS',39975922,'1996-06-12','MENDOZA 10','LASTENIA',4,NULL,NULL,NULL,NULL),(316,'FEDERICO ANGEL MARCELO','ANTONIO',40238133,'1995-04-01','Bº 100 VIVIENDAS','LOS AGUIRRES',4,NULL,NULL,NULL,NULL),(317,'ALEJO','ARUÉ OCAMPO',38115957,'1994-11-29','CATAMARCA 342','YERBA BUENA',4,NULL,NULL,NULL,NULL),(318,'NICOLÁS','BORDATO',39478989,'1996-03-22','LAS PIEDRAS 2016','SAN MIGUEL DE TUCUMAN',4,NULL,NULL,NULL,NULL),(319,'PABLO','COLQUEHUANCA CAHUANA',39145852,'1995-09-29','Bº BLASCO II MZA D -- CASA 30','SAN MIGUEL DE TUCUMAN',4,NULL,NULL,NULL,NULL),(320,'GONZALO MATÍAS','DOZ',39477474,'1996-02-11','SAN LORENZO 1074','SAN MIGUEL DE TUCUMAN',4,NULL,NULL,NULL,NULL),(321,'MARCELO EZEQUIEL','DUCLOS',37423944,'1994-01-21','Bº GRAFICO II SECTOR 3 -- MZA C -- CASA 35','SAN MIGUEL DE TUCUMAN',381,NULL,NULL,NULL,NULL),(322,'RICARDO JAVIER','DUDULETZ',39355991,'1995-11-07','Bº PORTAL DEL CERRO MZA A -- LOTE 6 -- CASA C','LA RINCONADA',4,NULL,NULL,NULL,NULL),(323,'JORGE DANIEL','FORCINITI',38488107,'1995-01-08','JUNIN 1151','SAN MIGUEL DE TUCUMAN',4,NULL,NULL,NULL,NULL),(324,'SILVANO ALEJANDRO','FRUTOS MOCSARY',39481686,'1996-03-14','Bº 110 VIVIENDAS Bº LOS FRESNOS MZA A -- CASA 36','BANDA DEL RIO SALI',4,NULL,NULL,NULL,NULL),(325,'ALEXIS LEONEL','ISAYA',40700587,'1996-01-12','VILLA ANGELINA Bº PARODI PJE. MIRAVAL 706','LOS RALOS',4,NULL,NULL,NULL,NULL),(326,'MAHMUD','JADUR GUZMAN',39573082,'1996-03-30','LAVALLE PB -- DPTO 2 533','SAN MIGUEL DE TUCUMAN',4,NULL,NULL,NULL,NULL),(327,'LEANDRO','JIMÉNEZ GETTAR',39143965,'1995-10-05','Bº 120 VIVIENDAS MZA A -- CASA 9','SAN ANDRES',4,NULL,NULL,NULL,NULL),(328,'LEANDRO FABIÁN','LEAL',39143723,'1995-08-05','SAN LUIS 1880','SAN MIGUEL DE TUCUMAN',4,NULL,NULL,NULL,NULL),(329,'JORGE ANDRÉS','MOHAMAD',39478566,'1996-01-04','Bº MEDITERRANEO MZA J -- CASA 17','SAN MIGUEL DE TUCUMAN',4,NULL,NULL,NULL,NULL),(330,'FRANCO DANIEL','PACHECO',39138264,'1995-06-11','GÜEMES 727','SAN MIGUEL DE TUCUMAN',4,NULL,NULL,NULL,NULL),(331,'ALBERTO EXEQUIEL','PALAVECINO',38488499,'2000-11-30','DESCONOCIDO','DESCONOCIDO',111,NULL,NULL,NULL,NULL),(332,'GONZALO JOSÉ EXEQUIEL','PERLÍN',37957274,'1994-01-21','CALLE 5 476','LAS TALITAS',4,NULL,NULL,NULL,NULL),(333,'PABLO LUCIANO','RAINIERI',38184381,'1994-07-08','PJE. SAN FRANCISCO DE ASIS 165','YERBA BUENA',4,NULL,NULL,NULL,NULL),(334,'MATÍAS','ROGER NARCOTTI',39139544,'1995-08-04','PEDRO MIGUEL ARAOZ 329','SAN MIGUEL DE TUCUMAN',4,NULL,NULL,NULL,NULL),(335,'FACUNDO GABRIEL','RUIZ',39144291,'1996-02-02','CAMINO DEL PERU 240','YERBA BUENA',4,NULL,NULL,NULL,NULL),(336,'JOAN MAXIMILIANO','SEGOVIA',41650541,'1994-07-10','CALLE 2 262','LAS TALITAS',381,NULL,NULL,NULL,NULL),(337,'FACUNDO PEDRO','VACA',39731763,'1995-11-02','RONDEAU PISO 1º -- DPTO B 503','SAN MIGUEL DE TUCUMAN',4,NULL,NULL,NULL,NULL),(338,'PABLO EMANUEL','VIGNOLI',39478515,'2000-12-07','DESCONOCIDO','DESCONOCIDO',111,NULL,NULL,NULL,NULL),(339,'FRANCISCO JOSÉ','VILLEGAS AGUIRRE',93926390,'2000-12-09','DESCONOCIDO','DESCONOCIDO',111,NULL,NULL,NULL,NULL),(340,'NICOLÁS','ACOSTA',38488337,'2000-12-10','DESCONOCIDO','DESCONOCIDO',111,NULL,NULL,NULL,NULL),(341,'PABLO AUGUSTO','ALANIS',39141836,'1995-08-19','RONDEAU 1157','SAN MIGUEL DE TUCUMAN',4,NULL,NULL,NULL,NULL),(342,'LUIS ADRIÁN','ANCHAVA',38487637,'1994-11-25','PEDRO G. SAL (SAN CAYETANO) 1660','SAN MIGUEL DE TUCUMAN',4,NULL,NULL,NULL,NULL),(343,'LUCIANO EXEQUIEL','ASÍS',37658756,'1993-12-15','AV. ALEM 1169','SAN MIGUEL DE TUCUMAN',4,NULL,NULL,NULL,NULL),(344,'BRAIAN JOEL','BALLÓN',39078194,'1993-12-09','Bº ATE MZA 7 -- CASA 38','SAN MIGUEL DE TUCUMAN',381,NULL,NULL,NULL,NULL),(345,'HÉCTOR GABRIEL','BLASCO',39142026,'1995-07-21','CRISOSTOMO ALVAREZ 1425','SAN MIGUEL DE TUCUMAN',4,NULL,NULL,NULL,NULL),(346,'EUGENIO AGUSTÍN','BRAUSEWETTER',39477478,'1996-02-14','LOS CEIBOS 451','SAN MIGUEL DE TUCUMAN',4,NULL,NULL,NULL,NULL),(347,'ADIB AUGUSTO','BUJAZHA',39145309,'1995-09-06','ALEJANDRO FLEMING 2708','YERBA BUENA',4,NULL,NULL,NULL,NULL),(348,'THOMAS','CORONEL',39144851,'1995-10-17','Bº LOMAS DE TAFI MZA B -- LOTE 4 -- CASA 40','TAFI VIEJO',4,NULL,NULL,NULL,NULL),(349,'FEDERICO','DÍAZ VÉLIZ',38249265,'1994-09-19','Bº SITRAVI II MZA A -- CASA 9','SAN MIGUEL DE TUCUMAN',4,NULL,NULL,NULL,NULL),(350,'DINO VICTORIANO JESÚS','DÍAZ',39840198,'1996-10-04','RECONQUISTA 225','YERBA BUENA',4,NULL,NULL,NULL,NULL),(351,'LEANDRO ROBERTO','FAUZE',39728339,'1996-05-25','LAS PIEDRAS DPTO 3 268','SAN MIGUEL DE TUCUMAN',4,NULL,NULL,NULL,NULL),(352,'IVÁN ALEJANDRO','FERNÁNDEZ',39726882,'1996-07-19','AMPLIACION Bº INDEPENDENCIA MZA B -- LOTE 9','ALDERETES',4,NULL,NULL,NULL,NULL),(353,'EMILIO NICOLÁS','FIGUEROA',38489857,'1995-02-01','SANTIAGO 3919','SAN MIGUEL DE TUCUMAN',4,NULL,NULL,NULL,NULL),(354,'RAMIRO','GARCÍA FERNÁNDEZ',37960157,'1994-08-06','PJE LUCIO V. LOPEZ 423','SAN MIGUEL DE TUCUMAN',4,NULL,NULL,NULL,NULL),(355,'NICOLÁS MATÍAS','GÓMEZ CARRER',38184885,'1994-10-08','CORONEL ZELAYA DPTO 9 451','SAN MIGUEL DE TUCUMAN',381,NULL,NULL,NULL,NULL),(356,'FEDERICO','HEMSY',39575943,'1996-05-11','MORENO 629','SAN MIGUEL DE TUCUMAN',4,NULL,NULL,NULL,NULL),(357,'FRANCISCO SEBASTIÁN','HERNÁNDEZ',40217265,'1996-06-08','DARWIN 1350','YERBA BUENA',4,NULL,NULL,NULL,NULL),(358,'GUSTAVO ROBERTO','LÓPEZ',38350276,'2000-12-28','DESCONOCIDO','DESCONOCIDO',111,NULL,NULL,NULL,NULL),(359,'MIGUEL ALEJANDRO','MELICCE',39481068,'1996-02-02','PJE ATAHUALPA 1195','SAN MIGUEL DE TUCUMAN',4,NULL,NULL,NULL,NULL),(360,'AXEL MATEO MIGUEL','MORFIL',39145921,'1995-09-28','URUGUAY 3953','SAN MIGUEL DE TUCUMAN',381,NULL,NULL,NULL,NULL),(361,'FRANCO JAVIER','PÉREZ',37657150,'1994-06-16','SAAVEDRA 398','SAN MIGUEL DE TUCUMAN',4,NULL,NULL,NULL,NULL),(362,'ENRIQUE ERNESTO','RAMELLA',39477467,'1996-02-14','BULNES MZA 1 -- BLOCK 16 PB 1020','SAN MIGUEL DE TUCUMAN',4,NULL,NULL,NULL,NULL),(363,'LUCAS NAHUEL','RODRÍGUEZ',38585538,'2001-01-02','DESCONOCIDO','DESCONOCIDO',111,NULL,NULL,NULL,NULL),(364,'LEONARDO RODRIGO','SÁNCHEZ',39357298,'1995-11-10','FRIAS SILVA 2233','SAN MIGUEL DE TUCUMAN',4,NULL,NULL,NULL,NULL),(365,'BRUNO','ARAMAYO AVELLANEDA',37657108,'1994-02-19','Bº MALVINAS MZA 30 -- LOTE 17','YERBA BUENA',4,NULL,NULL,NULL,NULL),(366,'GASTÓN MAXIMILIANO','BARRERA',38510404,'1994-10-28','MEJICO 2021','SAN MIGUEL DE TUCUMAN',4,NULL,NULL,NULL,NULL),(367,'ENEAS LEANDRO','CEJAS RUIZ',39355940,'1995-06-24','RUFINO COSSIO MZA 12 -- LOTE 4 1420','SAN MIGUEL DE TUCUMAN',4,NULL,NULL,NULL,NULL),(368,'LEANDRO DANIEL','DÉCIMA PRETZEL',37658375,'1994-04-19','AV. ALEM 1361','SAN MIGUEL DE TUCUMAN',4,NULL,NULL,NULL,NULL),(369,'ELIO GASTÓN','DEL CARMEN',38490200,'1995-04-08','Bº EL PORTAL DE SAN PABLO MZA A -- CASA 18','SAN PABLO ',381,NULL,NULL,NULL,NULL),(370,'FERNANDO BENJAMÍN','GONZÁLEZ BLASCO',38185045,'1994-10-17','AV. ALEM 267','SAN MIGUEL DE TUCUMAN',4,NULL,NULL,NULL,NULL),(371,'JOSÉ MANUEL','LAZARTE',38741710,'1995-06-16','DARWIN 761','YERBA BUENA',4,NULL,NULL,NULL,NULL),(372,'BRUNO GERARDO','LEDDA',38246186,'1994-08-25','PJE O´HIGGINS 651','SAN MIGUEL DE TUCUMAN',4,NULL,NULL,NULL,NULL),(373,'LAUTARO','LÓPEZ',39078683,'1995-05-18','MATIENZO 1512','SAN MIGUEL DE TUCUMAN',4,NULL,NULL,NULL,NULL),(374,'PABLO DANIEL','MARTÍNEZ',39078953,'1995-06-12','SANTIAGO 3510','SAN MIGUEL DE TUCUMAN',4,NULL,NULL,NULL,NULL),(375,'LEILA DANIELA','MASMUD',38247069,'1994-08-17','MATHEAU 2555','SAN MIGUEL DE TUCUMAN',4,NULL,NULL,NULL,NULL),(376,'ALVARO MARTÍIN','NAVARRO',38024778,'1994-07-06','LAPRIDA 1136','SAN MIGUEL DE TUCUMAN',4,NULL,NULL,NULL,NULL),(377,'TOMÁS','RÖHMER LITZMANN',38184779,'1994-09-10','CORDOBA PISO 5º -- DPTO 1 450','SAN MIGUEL DE TUCUMAN',4,NULL,NULL,NULL,NULL),(378,'JOSÉ JAVIER','RUIZ CABELLO',38487481,'1994-11-24','Bº COPIAT I MARIO BRAVO 1129','SAN MIGUEL DE TUCUMAN',4,NULL,NULL,NULL,NULL),(379,'NELSON JOAQUÍN','TOLOSA',39079045,'1995-06-02','SAN LUIS 1475','SAN MIGUEL DE TUCUMAN',4,NULL,NULL,NULL,NULL),(380,'GABRIEL ESTEBAN','ARGAÑARAZ',36867088,'1992-08-14','AV. ALEM 810','SAN MIGUEL DE TUCUMAN',4,NULL,NULL,NULL,NULL),(381,'MATÍAS SIMÓN','HOLMQUIST',38490135,'1995-03-06','Bº VIAL III MZA B2 -- CASA 13','EL MANANTIAL ',4,NULL,NULL,NULL,NULL),(382,'EDMUNDO EDUARDO','LÓPEZ ZÓTTOLA',37500870,'1993-11-02','HONDURAS 1310','SAN MIGUEL DE TUCUMAN',4,NULL,NULL,NULL,NULL),(383,'MARCOS FACUNDO','MENDER',38508726,'1994-09-16','INDEPENDENCIA 885','SAN MIGUEL DE TUCUMAN',4,NULL,NULL,NULL,NULL),(384,'JUAN MANUEL','MORALES',36349780,'2001-01-23','DESCONOCIDO','DESCONOCIDO',111,NULL,NULL,NULL,NULL),(385,'JAVIER AUGUSTO','NACCHIO',37500546,'1993-08-24','CASTRO BARROS PISO 2º -- DPTO B 1047','SAN MIGUEL DE TUCUMAN',4,NULL,NULL,NULL,NULL),(386,'LUCAS MIGUEL ANGEL','ORIETA',36585260,'2001-01-25','DESCONOCIDO','DESCONOCIDO',111,NULL,NULL,NULL,NULL),(387,'DARÍO EMMANUEL','RODRÍGUEZ',37727963,'2001-01-26','DESCONOCIDO','DESCONOCIDO',111,NULL,NULL,NULL,NULL),(388,'SERGIO MARTÍN','RODRÍGUEZ',37997778,'1993-10-14','Bº SAN MARTIN LOS NOGALES MZA 8 -- CASA 9','TAFI VIEJO',4,NULL,NULL,NULL,NULL),(389,'GABRIEL ALBERTO','SILVA',37497866,'1993-10-19','Bº CGT MZA I -- CASA 1 (9 DE JULIO 4000)','SAN MIGUEL DE TUCUMAN',381,NULL,NULL,NULL,NULL),(390,'LUCAS MATÍAS','SUÁREZ',38490596,'1995-06-09','Bº CANDELARIA PJE COSTA RICA 294','BANDA DEL RIO SALI',4,NULL,NULL,NULL,NULL),(391,'GUILLERMO BENJAMÍN','TORRES',38024772,'1994-07-07','MAIPU 2026','SAN MIGUEL DE TUCUMAN',4,NULL,NULL,NULL,NULL),(392,'LUCAS SANTIAGO','VALDEZ',38249185,'1995-02-16','Bº 1º DE NOVIEMBRE MZA H -- LOTE 7','LAS TALITAS',4,NULL,NULL,NULL,NULL),(393,'FRANCO DAMÍAN','VARGAS',37457491,'1993-08-06','Bº GRAFICO BLOCK 8 --DPTO 6','SAN MIGUEL DE TUCUMAN',4,NULL,NULL,NULL,NULL),(394,'FACUNDO','VÁZQUEZ',38115981,'1994-12-12','UNIVERSO 160','YERBA BUENA',4,NULL,NULL,NULL,NULL),(395,'DARÍO JOSÉ','VÉLIZ',38745760,'1995-03-27','PJE. FRAY MANUEL PEREZ 1237','SAN MIGUEL DE TUCUMAN',4,NULL,NULL,NULL,NULL),(396,'NICOLÁS FEDERICO','AGUILAR',37657850,'1994-02-24','CASTELLI 920','SAN MIGUEL DE TUCUMAN',4,NULL,NULL,NULL,NULL),(397,'RODRIGO GABRIEL','AGUIRRE',38348164,'1994-12-30','RUTA 301 Nº 49 S/N ENTRE PJE LAVALLE Y BELGRANO','EL MANANTIAL',4,NULL,NULL,NULL,NULL),(398,'AUGUSTO','ARECO',38115448,'1994-07-19','CONGRESO 1079','SAN MIGUEL DE TUCUMAN',4,NULL,NULL,NULL,NULL),(399,'HEBERT LUCIANO','CORVALÁN',38490196,'1995-03-16','LIBERTAD DPTO 1 745','SAN MIGUEL DE TUCUMAN',4,NULL,NULL,NULL,NULL),(400,'EMMANUEL ALEJANDRO','DELGADO',37497303,'1993-09-06','Bº SOEME MZA 11 -- CASA 2 CALLE STA RITA DE LIMA','LAS TALITAS',4,NULL,NULL,NULL,NULL),(401,'FRANCO DANIEL','DÍAZ BUCCI',37997872,'1994-06-06','VENEZUELA 1070','SAN MIGUEL DE TUCUMAN',4,NULL,NULL,NULL,NULL),(402,'JULIÁN EZEQUIEL','FLORES',38508720,'1994-09-21','LA RIOJA 1795','SAN MIGUEL DE TUCUMAN',4,NULL,NULL,NULL,NULL),(403,'MATÍAS FEDERICO','GARCÍA',38509499,'1994-10-04','PROSPERO MENA 812','SAN MIGUEL DE TUCUMAN',4,NULL,NULL,NULL,NULL),(404,'AGUSTÍN ANDRÉS','GRAMAJO',38508711,'1994-09-27','MONTEAGUDO 174','SAN MIGUEL DE TUCUMAN',4,NULL,NULL,NULL,NULL),(405,'JOSÉ MARÍA','HERNÁNDEZ',37656394,'1994-12-26','CONGRESO 1098','SAN MIGUEL DE TUCUMAN',4,NULL,NULL,NULL,NULL),(406,'AMÍN JUAN','ISSA ',37997830,'1994-06-17','CRISOSTOMO LAVAREZ DPTO B 842','SAN MIGUEL DE TUCUMAN',4,NULL,NULL,NULL,NULL),(407,'AGUSTÍN OSVALDO','LAPARRA',38184934,'1994-10-17','Bº EL MIRADOR DE SHOENSTAT MZA G -- CASA 17','VILLA CARMELA',4,NULL,NULL,NULL,NULL),(408,'BRUNO HERNÁN','LUCCA',38487491,'1994-10-03','Bº SARMIENTO PJE. EVARISTO CARRIEGO 1072','SAN MIGUEL DE TUCUMAN',4,NULL,NULL,NULL,NULL),(409,'LUIS ESTEBAN','MARCHIANO',37927375,'1994-05-12','PARAGUAY 981','SAN MIGUEL DE TUCUMAN',4,NULL,NULL,NULL,NULL),(410,'MAXIMILIANO NAHUEL','MORALES',36867990,'1992-10-12','Bº SAN MARTIN MZA B -- CASA 22','SAN MIGUEL DE TUCUMAN',4,NULL,NULL,NULL,NULL),(411,'JONATHAN EMANUEL','PALMA',38249841,'1994-09-28','Bº LOMAS DE TAFI SECTOR 14 -- MZA 6 -- CASA 2','TAFI VIEJO',NULL,NULL,NULL,NULL,NULL),(412,'JAVIER','QUEVEDO',37656259,'2001-02-21','DESCONOCIDO','DESCONOCIDO',111,NULL,NULL,NULL,NULL),(413,'SANTIAGO EMANUEL','RUIZ',37657954,'1994-05-19','ALFRESO GUZMAN 2º CUADRA','SAN JOSE',4,NULL,NULL,NULL,NULL),(414,'MIGUEL SANTIAGO','SASTRE',38214522,'2001-02-23','DESCONOCIDO','DESCONOCIDO',111,NULL,NULL,NULL,NULL),(415,'CRISTIAN ABEL','VERGARA',38247037,'1994-08-01','SANTIAGO 2463','SAN MIGUEL DE TUCUMAN',4,NULL,NULL,NULL,NULL),(416,'GUILLERMO GABRIEL','ACOSTA',38745679,'1993-10-01','SANTA FE 3281','SAN MIGUEL DE TUCUMAN',4,NULL,NULL,NULL,NULL),(417,'NICOLÁS SALOMÓN','ALE',37423608,'1993-12-24','PJE. VIEYTES 1788','SAN MIGUEL DE TUCUMAN',4,NULL,NULL,NULL,NULL),(418,'LUCAS NICOLÁS','CASELLA LORCA',38487323,'1994-11-24','FORTUNATA GARCIA 537','SAN MIGUEL DE TUCUMAN',4,NULL,NULL,NULL,NULL),(419,'FACUNDO','CÓRDOBA',38185304,'1994-12-11','Bº APUNT MZA A -- CASA 14','YERBA BUENA',4,NULL,NULL,NULL,NULL),(420,'ESTEBAN PATRICIO','CORTÉS',38487618,'1994-12-07','ALVAREZ CONDARCO 920','SAN MIGUEL DE TUCUMAN',4,NULL,NULL,NULL,NULL),(421,'FACUNDO MATÍAS','DÍAZ',39138493,'1995-06-27','RÍO PARANÁ 140','YERBA BUENA',4,NULL,NULL,NULL,NULL),(422,'DAVID','FERNÁNDEZ MAMANÍ',39077937,'1995-07-01','FERNANDO RIERA 240','EL COLMENAR',4,NULL,NULL,NULL,NULL),(423,'DANTE NICOLÁS','FRÍAS',38246234,'1994-09-05','ISLA MALVINAS LOTE 12 -- MZA B','ALDERETES',4,NULL,NULL,NULL,NULL),(424,'ANDRÉS EZEQUIEL','GONZÁLEZ',38487372,'1994-11-28','Bº LOMAS DE TAFI SECTOR 6 -- MZA 4 -- LOTE 4 -- CA','TAFI VIEJO',4,NULL,NULL,NULL,NULL),(425,'FEDERICO NICOLÁS','GRAMAJO',37457111,'2001-03-06','DESCONOCIDO','DESCONOCIDO',111,NULL,NULL,NULL,NULL),(426,'LUCAS EZEQUIEL','GUZMÁN',39138434,'1995-06-26','Bº CONGRESO MZA U -- CASA 23','SAN MIGUEL DE TUCUMAN',4,NULL,NULL,NULL,NULL),(427,'JOSÉ CARLOS ALBERTO','JIMÉNEZ',38488546,'1994-11-24','BOLIVIA 1799','SAN MIGUEL DE TUCUMAN',4,NULL,NULL,NULL,NULL),(428,'VÍCTOR CLAUDIO','JUÁREZ',38740839,'1995-01-16','Bº SMATA III MZA A -- CASA 9','SAN MIGUEL DE TUCUMAN',4,NULL,NULL,NULL,NULL),(429,'ERIC LEONARDO','LAZARTE MONTEROS',39138606,'1995-07-12','Vº ANGELINA MERCEDES DE SAN MARTIN 697','SAN MIGUEL DE TUCUMAN',4,NULL,NULL,NULL,NULL),(430,'GONZALO JAVIER','LEGUIZAMÓN',38487763,'1994-08-04','PJE. MALABIA 1119','SAN MIGUEL DE TUCUMAN',4,NULL,NULL,NULL,NULL),(431,'NAHUEL','NÚÑEZ',39077461,'1995-05-23','MENDOZA CASA 6 2757','SAN MIGUEL DE TUCUMAN',4,NULL,NULL,NULL,NULL),(432,'NICOLÁS GABRIEL','OLEA',38185133,'1994-11-19','COLOMBIA 1371','SAN MIGUEL DE TUCUMAN',4,NULL,NULL,NULL,NULL),(433,'CARLOS PATRICIO','RIVERO',38150760,'1994-11-19','Bº SAN NICOLAS MZA 9 -- CASA 5','SAN PABLO ',4,NULL,NULL,NULL,NULL),(434,'MARCOS ALEJANDRO','ROMANO',38487392,'1994-11-12','PJE. NOBEL 1872','SAN MIGUEL DE TUCUMAN',4,NULL,NULL,NULL,NULL),(435,'JOSÉ MAXIMILIANO','SALAS CORREA LÓPEZ',38487523,'1994-11-25','LAS HERAS 1172','SAN MIGUEL DE TUCUMAN',4,NULL,NULL,NULL,NULL),(436,'JONATHAN JESÚS','SOSA GONZÁLEZ',38490658,'1995-06-28','Bº 4 JUNIO PEDRO NOLASCO RUIZ Y JUAN M. DE ROSAS','LASTENIA',381,NULL,NULL,NULL,NULL),(437,'ABEL IGNACIO','TAPIA',37656159,'1993-12-12','ECUADOR 3150','SAN MIGUEL DE TUCUMAN',4,NULL,NULL,NULL,NULL),(438,'JORGE ESTEBAN NICOLÁS','TRUJILLO',38744605,'1995-04-24','SAN MARIN 32','EL MANANTIAL',NULL,NULL,NULL,NULL,NULL),(439,'WALTER ANDRÉS','URUEÑA',38248274,'1994-12-20','VELEZ SARSFIELD 41','TAFI VIEJO',4,NULL,NULL,NULL,NULL),(440,'TOMÁS','VALOYS',39078970,'1995-05-22','ITALIA 2900','YERBA BUENA',4,NULL,NULL,NULL,NULL),(441,'LEANDRO GABRIEL','VILLAFAÑE LANZA',38510397,'1994-10-22','CRISOSTOMO ALVAREZ 1290','SAN MIGUEL DE TUCUMAN',4,NULL,NULL,NULL,NULL),(442,'LOTFI','YAFAR',38184707,'1994-09-16','PJE NUESTRA SEÑORA DEL HUERTO 3861','SAN MIGUEL DE TUCUMAN',4,NULL,NULL,NULL,NULL),(443,'ALEJANDRO KARIN','YOUNES',38246181,'2001-03-24','DESCONOCIDO','DESCONOCIDO',111,NULL,NULL,NULL,NULL),(444,'NAHUEL DE JESÚS','BEJARANO',37457667,'1993-08-21','AV. PTE KIRCHNER 2135','SAN MIGUEL DE TUCUMAN',NULL,NULL,NULL,NULL,NULL),(445,'NICOLÁS','BERNARDO',37656711,'2001-03-26','DESCONOCIDO','DESCONOCIDO',111,NULL,NULL,NULL,NULL),(446,'EMANUEL','BLASETTI',37656390,'2001-03-27','DESCONOCIDO','DESCONOCIDO',111,NULL,NULL,NULL,NULL),(447,'RODOLFO JAVIER','CASTRO',36867449,'2001-03-28','DESCONOCIDO','DESCONOCIDO',111,NULL,NULL,NULL,NULL),(448,'CRISTIAN NICOLÁS','CÓRDOBA',37500407,'2001-03-29','DESCONOCIDO','DESCONOCIDO',111,NULL,NULL,NULL,NULL),(449,'ANDRÉS','DE CHAZAL',38116222,'2001-03-30','DESCONOCIDO','DESCONOCIDO',111,NULL,NULL,NULL,NULL),(450,'JOEL EDUARDO','DÍAZ',37656138,'2001-03-31','DESCONOCIDO','DESCONOCIDO',111,NULL,NULL,NULL,NULL),(451,'NELO AGUSTÍN','FARÍAS',37725306,'2001-04-01','DESCONOCIDO','DESCONOCIDO',111,NULL,NULL,NULL,NULL),(452,'ELIANA','FERNÁNDEZ LAFUENTE',38184365,'2001-04-02','DESCONOCIDO','DESCONOCIDO',111,NULL,NULL,NULL,NULL),(453,'MARÍA FLORENCIA','GÓMEZ',38184189,'2001-04-03','DESCONOCIDO','DESCONOCIDO',111,NULL,NULL,NULL,NULL),(454,'JUAN ALBERTO','GÓMEZ SAN ROMÁN',37500417,'2001-04-04','DESCONOCIDO','DESCONOCIDO',111,NULL,NULL,NULL,NULL),(455,'GERMÁN','GRITTI MONTESINOS',37725853,'2001-04-05','DESCONOCIDO','DESCONOCIDO',111,NULL,NULL,NULL,NULL),(456,'SEBASTIÁN RAÚL','ICHAZO',38183795,'2001-04-06','DESCONOCIDO','DESCONOCIDO',111,NULL,NULL,NULL,NULL),(457,'JOEL ANTONIO','JUÁREZ',37916528,'2001-04-07','DESCONOCIDO','DESCONOCIDO',111,NULL,NULL,NULL,NULL),(458,'CHRISTIAN DANIEL','LORENZO',37497982,'2001-04-08','DESCONOCIDO','DESCONOCIDO',111,NULL,NULL,NULL,NULL),(459,'PABLO AGUSTIN','LUNA',37311294,'1993-02-28','JUAN ALFONSO CARRIZO 416','SAN MIGUEL DE TUCUMAN',4,NULL,NULL,NULL,NULL),(460,'ANGEL ATEJ','MATÍAS',37657698,'1994-04-05','BERNABE ARAOZ 1061','SAN MIGUEL DE TUCUMAN',381,NULL,NULL,NULL,NULL),(461,'JAVIER','MONDINO ALPEROVICH',37657177,'2001-04-11','DESCONOCIDO','DESCONOCIDO',111,NULL,NULL,NULL,NULL),(462,'FRANCO SEBASTIÁN','MORÁN CASARES',37658343,'2001-04-12','DESCONOCIDO','DESCONOCIDO',111,NULL,NULL,NULL,NULL),(463,'RUBÉN','MUSA',37504457,'2001-04-13','DESCONOCIDO','DESCONOCIDO',111,NULL,NULL,NULL,NULL),(464,'JUAN PABLO','BECERRA VERÓN',36350436,'2001-04-14','DESCONOCIDO','DESCONOCIDO',111,NULL,NULL,NULL,NULL),(465,'SERGIO OMAR','DATO',37456237,'2001-04-15','DESCONOCIDO','DESCONOCIDO',111,NULL,NULL,NULL,NULL),(466,'FEDERICO MAXIMILIANO','HARO',37656189,'2001-04-16','DESCONOCIDO','DESCONOCIDO',111,NULL,NULL,NULL,NULL),(467,'JUAN ROBINSON','LEA PLACE',37456131,'2001-04-17','DESCONOCIDO','DESCONOCIDO',111,NULL,NULL,NULL,NULL),(468,'NELSON EDGARDO','MAYER PÉREZ',37457960,'2001-04-18','DESCONOCIDO','DESCONOCIDO',111,NULL,NULL,NULL,NULL),(469,'ENZO','NACUSSE',37484798,'2001-04-19','DESCONOCIDO','DESCONOCIDO',111,NULL,NULL,NULL,NULL),(470,'GUILLERMO FACUNDO','NÚÑEZ',37455256,'2001-04-20','DESCONOCIDO','DESCONOCIDO',111,NULL,NULL,NULL,NULL),(471,'GERÓNIMO MARTÍN','OCAMPO',37455623,'2001-04-21','DESCONOCIDO','DESCONOCIDO',111,NULL,NULL,NULL,NULL),(472,'ALEXIS IVÁN','PÉREZ CASTRO',38184434,'2001-04-22','DESCONOCIDO','DESCONOCIDO',111,NULL,NULL,NULL,NULL),(473,'IGNACIO','PONDAL ',38024533,'2001-04-23','DESCONOCIDO','DESCONOCIDO',111,NULL,NULL,NULL,NULL),(474,'PABLO GASTÓN','QUINTEROS GARRO',36865268,'2001-04-24','DESCONOCIDO','DESCONOCIDO',111,NULL,NULL,NULL,NULL),(475,'PEDRO NICOLÁS','RAMOS',37656067,'2001-04-25','DESCONOCIDO','DESCONOCIDO',111,NULL,NULL,NULL,NULL),(476,'AGUSTO JOSÉ','RAMOS SOLLAZZI',37312282,'2001-04-26','DESCONOCIDO','DESCONOCIDO',111,NULL,NULL,NULL,NULL),(477,'NICOLÁS','ROJAS',37656349,'2001-04-27','DESCONOCIDO','DESCONOCIDO',111,NULL,NULL,NULL,NULL),(478,'SANTIAGO','ROLDÁN',36866920,'2001-04-28','DESCONOCIDO','DESCONOCIDO',111,NULL,NULL,NULL,NULL),(479,'GONZALO NICOLÁS','SANJUÁN',37457355,'2001-04-29','DESCONOCIDO','DESCONOCIDO',111,NULL,NULL,NULL,NULL),(480,'ALEJANDRO PATRICIO','SARMIENTO',37500844,'2001-04-30','DESCONOCIDO','DESCONOCIDO',111,NULL,NULL,NULL,NULL),(481,'MAURICIO','SFRISO',37655938,'2001-05-01','DESCONOCIDO','DESCONOCIDO',111,NULL,NULL,NULL,NULL),(482,'BENJAMÍN OSÍAS','VALVERDI',38184073,'2001-05-02','DESCONOCIDO','DESCONOCIDO',111,NULL,NULL,NULL,NULL),(483,'NICOLÁS JEREMÍAS','VALVERDI',36839607,'2001-05-03','DESCONOCIDO','DESCONOCIDO',111,NULL,NULL,NULL,NULL),(484,'ORLANDO EXEQUIEL','ARGAÑARAZ',37504416,'2001-05-04','DESCONOCIDO','DESCONOCIDO',111,NULL,NULL,NULL,NULL),(485,'GUSTAVO','BONFANTI MASSA',37657880,'2001-05-05','DESCONOCIDO','DESCONOCIDO',111,NULL,NULL,NULL,NULL),(486,'VÍCTOR LEANDRO AGUSTÍN','CASASOLA',36420471,'2001-05-06','DESCONOCIDO','DESCONOCIDO',111,NULL,NULL,NULL,NULL),(487,'CÉSAR NICOLÁS','DÍAZ',37311546,'2001-05-07','DESCONOCIDO','DESCONOCIDO',111,NULL,NULL,NULL,NULL),(488,'CÉSAR','EZQUER',37310202,'2001-05-08','DESCONOCIDO','DESCONOCIDO',111,NULL,NULL,NULL,NULL),(489,'LEANDRO DAVID','FRÍAS',36040932,'2001-05-09','DESCONOCIDO','DESCONOCIDO',111,NULL,NULL,NULL,NULL),(490,'DANIELE','GIANNINI',94040805,'2001-05-10','DESCONOCIDO','DESCONOCIDO',111,NULL,NULL,NULL,NULL),(491,'FEDERICO EXEQUIEL','HERRERA',37457963,'2001-05-11','DESCONOCIDO','DESCONOCIDO',111,NULL,NULL,NULL,NULL),(492,'LUCAS GASPAR','INSAURRALDE ALCARAZ',38627015,'1994-01-07','CORRIENTES PISO 2º -- DPTO 2 961','SAN MIGUEL DE TUCUMAN',4,NULL,NULL,NULL,NULL),(493,'ERIC ARNOLD','ISASMENDI',36839427,'1992-11-30','RAMIREZ DE VELAZCO 660','EL MANANTIAL ',4,NULL,NULL,NULL,NULL),(494,'FRANCO NICOLÁS','JIMENA',37423974,'2001-05-14','DESCONOCIDO','DESCONOCIDO',111,NULL,NULL,NULL,NULL),(495,'MIGUEL ALEJANDRO','JUÁREZ',37191619,'1993-01-08','MATHEAU 476','SAN MIGUEL DE TUCUMAN',4,NULL,NULL,NULL,NULL),(496,'LEONARDO ADRIÁN','LÓPEZ',37724844,'2001-05-16','DESCONOCIDO','DESCONOCIDO',111,NULL,NULL,NULL,NULL),(497,'MATÍAS','LOYDI',37191716,'2001-05-17','DESCONOCIDO','DESCONOCIDO',111,NULL,NULL,NULL,NULL),(498,'LUIS ESTEBAN','MARCUZZI',37097056,'2001-05-18','DESCONOCIDO','DESCONOCIDO',111,NULL,NULL,NULL,NULL),(499,'RODRIGO','MELIAN MIKUS',37423637,'2001-05-19','DESCONOCIDO','DESCONOCIDO',111,NULL,NULL,NULL,NULL),(500,'JUAN JOSÉ','MOLINA MARCOS',37423694,'2001-05-20','DESCONOCIDO','DESCONOCIDO',111,NULL,NULL,NULL,NULL),(501,'RODRIGO ABEL','MORENO TEN',38118756,'2001-05-21','DESCONOCIDO','DESCONOCIDO',111,NULL,NULL,NULL,NULL),(502,'ALBERTO EXEQUIEL','SAN ROMÁN',38183918,'2001-05-22','DESCONOCIDO','DESCONOCIDO',111,NULL,NULL,NULL,NULL),(503,'CÉSAR ARNALDO','SOSA',38184320,'2001-05-23','DESCONOCIDO','DESCONOCIDO',111,NULL,NULL,NULL,NULL),(504,'LEONARDO EXEQUIEL','ÁLVAREZ PICCINETTI',36839239,'2001-05-24','DESCONOCIDO','DESCONOCIDO',111,NULL,NULL,NULL,NULL),(505,'IGNACIO EXEQUIEL','AMBROSIO',37499299,'2001-05-25','DESCONOCIDO','DESCONOCIDO',111,NULL,NULL,NULL,NULL),(506,'BRAHIM DAVID','BUJAZHA',37725983,'2001-05-26','DESCONOCIDO','DESCONOCIDO',111,NULL,NULL,NULL,NULL),(507,'CARLOS EMANUEL','CISNEROS MOLINA',37455877,'2001-05-27','DESCONOCIDO','DESCONOCIDO',111,NULL,NULL,NULL,NULL),(508,'ESTEBAN NICOLÁS','CÓRDOBA',37191975,'2001-05-28','DESCONOCIDO','DESCONOCIDO',111,NULL,NULL,NULL,NULL),(509,'JESÚS EMANUEL','DANNA',37311619,'2001-05-29','DESCONOCIDO','DESCONOCIDO',111,NULL,NULL,NULL,NULL),(510,'CLAUDIO FEDERICO','DI MAIO',37457715,'2001-05-30','DESCONOCIDO','DESCONOCIDO',111,NULL,NULL,NULL,NULL),(511,'AMIRA','JADUR',36867368,'2001-05-31','DESCONOCIDO','DESCONOCIDO',111,NULL,NULL,NULL,NULL),(512,'YEIBAA','JADUR',37655986,'2001-06-01','DESCONOCIDO','DESCONOCIDO',111,NULL,NULL,NULL,NULL),(513,'LUIS FÉLIX','LLEWELYN',37725845,'2001-06-02','DESCONOCIDO','DESCONOCIDO',111,NULL,NULL,NULL,NULL),(514,'FRANCISCO JOSÉ','MIR VERA',36626205,'2001-06-03','DESCONOCIDO','DESCONOCIDO',111,NULL,NULL,NULL,NULL),(515,'SANTIAGO MIGUEL','OLEA',37657043,'2001-06-04','DESCONOCIDO','DESCONOCIDO',111,NULL,NULL,NULL,NULL),(516,'MARCOS','PIRANI',38043634,'2001-06-05','DESCONOCIDO','DESCONOCIDO',111,NULL,NULL,NULL,NULL),(517,'JAVIER MATÍAS','POLIZZI',37457675,'2001-06-06','DESCONOCIDO','DESCONOCIDO',111,NULL,NULL,NULL,NULL),(518,'GASPAR BERNABÉ','RAMÍREZ',37935530,'2001-06-07','DESCONOCIDO','DESCONOCIDO',111,NULL,NULL,NULL,NULL),(519,'ALVARO NICOLÁS','RITORTO',37497680,'2001-06-08','DESCONOCIDO','DESCONOCIDO',111,NULL,NULL,NULL,NULL),(520,'ALFREDO SAMUEL','SOTO',38183685,'2001-06-09','DESCONOCIDO','DESCONOCIDO',111,NULL,NULL,NULL,NULL),(521,'LUCIANA FLORENCIA','TOLABA',37657040,'2001-06-10','DESCONOCIDO','DESCONOCIDO',111,NULL,NULL,NULL,NULL),(522,'VÍCTOR HUGO','TORRES',37097096,'2001-06-11','DESCONOCIDO','DESCONOCIDO',111,NULL,NULL,NULL,NULL),(523,'MARÍA FLORENCIA','VÁZQUEZ RODRÍGUEZ',37656758,'2001-06-12','DESCONOCIDO','DESCONOCIDO',111,NULL,NULL,NULL,NULL),(524,'JORGE NICOLÁS EDUARDO','WELBOURN',37191585,'2001-06-13','DESCONOCIDO','DESCONOCIDO',111,NULL,NULL,NULL,NULL),(525,'ALVARO LUIS','ZELAYA',37725418,'2001-06-14','DESCONOCIDO','DESCONOCIDO',111,NULL,NULL,NULL,NULL),(526,'NICOLÁS','ALTAMIRANO',37191578,'2001-06-15','DESCONOCIDO','DESCONOCIDO',111,NULL,NULL,NULL,NULL),(527,'DAVID FEDERICO','BAIGORRIA',37456914,'2001-06-16','DESCONOCIDO','DESCONOCIDO',111,NULL,NULL,NULL,NULL),(528,'LEONARDO ANTONIO','BARRIENTOS',37656634,'2001-06-17','DESCONOCIDO','DESCONOCIDO',111,NULL,NULL,NULL,NULL),(529,'DIEGO RICARDO','BONILLA',37096607,'2001-06-18','DESCONOCIDO','DESCONOCIDO',111,NULL,NULL,NULL,NULL),(530,'BENJAMÍN','BUSTOS BORDÓN',37310725,'2001-06-19','DESCONOCIDO','DESCONOCIDO',111,NULL,NULL,NULL,NULL),(531,'RODRIGO MIGUEL','COLLANTE',39478924,'2001-06-20','DESCONOCIDO','DESCONOCIDO',111,NULL,NULL,NULL,NULL),(532,'HERNÁN ALEJANDRO','DÍAZ',36867827,'2001-06-21','DESCONOCIDO','DESCONOCIDO',111,NULL,NULL,NULL,NULL),(533,'NICOLÁS EXEQUIEL','GANDUR',36585525,'2001-06-22','DESCONOCIDO','DESCONOCIDO',111,NULL,NULL,NULL,NULL),(534,'MARÍA LOURDES','GÓMEZ',36839372,'2001-06-23','DESCONOCIDO','DESCONOCIDO',111,NULL,NULL,NULL,NULL),(535,'FERNANDO LEOPOLDO','HERRERA',37499058,'2001-06-24','DESCONOCIDO','DESCONOCIDO',111,NULL,NULL,NULL,NULL),(536,'MARCOS DARÍO','MARINELLI',35548094,'2001-06-25','DESCONOCIDO','DESCONOCIDO',111,NULL,NULL,NULL,NULL),(537,'JUAN PABLO','MEDINA',36867326,'2001-06-26','DESCONOCIDO','DESCONOCIDO',111,NULL,NULL,NULL,NULL),(538,'AGUSTÍN ALBERTO','SIDÁN MENDER',36865495,'2001-06-27','DESCONOCIDO','DESCONOCIDO',111,NULL,NULL,NULL,NULL),(539,'CARLOS ALEJANDRO','BECERRA VERÓN',35816205,'2001-06-28','DESCONOCIDO','DESCONOCIDO',111,NULL,NULL,NULL,NULL),(540,'BRUNO MATIAS','DIARTE',35548661,'2001-06-29','DESCONOCIDO','DESCONOCIDO',111,NULL,NULL,NULL,NULL),(541,'EZEQUIEL LUJÁN','DÍAZ',36231899,'2001-06-30','DESCONOCIDO','DESCONOCIDO',111,NULL,NULL,NULL,NULL),(542,'ROBERTO RODRIGO','ESPINOSA',36231005,'2001-07-01','DESCONOCIDO','DESCONOCIDO',111,NULL,NULL,NULL,NULL),(543,'JUAN MARTÍN','FALCÓN',37457081,'2001-07-02','DESCONOCIDO','DESCONOCIDO',111,NULL,NULL,NULL,NULL),(544,'MANUEL EMILIO','GANDUR',37457256,'2001-07-03','DESCONOCIDO','DESCONOCIDO',111,NULL,NULL,NULL,NULL),(545,'EDUARDO ALFREDO','GONZÁLEZ LLANO',35809979,'2001-07-04','DESCONOCIDO','DESCONOCIDO',111,NULL,NULL,NULL,NULL),(546,'EZEQUIEL FELIPE','LÓPEZ ROBLEDO',36024060,'2001-07-05','DESCONOCIDO','DESCONOCIDO',111,NULL,NULL,NULL,NULL),(547,'PABLO ESTEBAN','MACIEL',36865380,'2001-07-06','DESCONOCIDO','DESCONOCIDO',111,NULL,NULL,NULL,NULL),(548,'EDUARDO FRANCISCO','SANJUÁN',36224778,'2001-07-07','DESCONOCIDO','DESCONOCIDO',111,NULL,NULL,NULL,NULL),(549,'JOSÉ HERNÁN','BARRIONUEVO',36885398,'2001-07-08','DESCONOCIDO','DESCONOCIDO',111,NULL,NULL,NULL,NULL),(550,'JUAN PABLO','CÓRDOBA',35548557,'2001-07-09','DESCONOCIDO','DESCONOCIDO',111,NULL,NULL,NULL,NULL),(551,'ROLANDO FEDERICO','DÍAZ',35199689,'2001-07-10','DESCONOCIDO','DESCONOCIDO',111,NULL,NULL,NULL,NULL),(552,'JORGE GREGORIO','DONAIRE PEREYRA',37311306,'2001-07-11','DESCONOCIDO','DESCONOCIDO',111,NULL,NULL,NULL,NULL),(553,'ENNIO ALESIO','FERNÁNDEZ',37311615,'2001-07-12','DESCONOCIDO','DESCONOCIDO',111,NULL,NULL,NULL,NULL),(554,'LUIS RODRIGO','FERNÁNDEZ',35548348,'2001-07-13','DESCONOCIDO','DESCONOCIDO',111,NULL,NULL,NULL,NULL),(555,'CÉSAR AGUSTIN','FROSONI',37311468,'2001-07-14','DESCONOCIDO','DESCONOCIDO',111,NULL,NULL,NULL,NULL),(556,'FACUNDO ERNESTO','GIMÉNEZ',37311607,'2001-07-15','DESCONOCIDO','DESCONOCIDO',111,NULL,NULL,NULL,NULL),(557,'FRANCO BENJAMÍN','GONZÁLEZ LAVERGNE',37485378,'2001-07-16','DESCONOCIDO','DESCONOCIDO',111,NULL,NULL,NULL,NULL),(558,'JONATHAN DAVID','GUASCH',36224386,'2001-07-17','DESCONOCIDO','DESCONOCIDO',111,NULL,NULL,NULL,NULL),(559,'JOSÉ MARÍA','HARO',36584650,'2001-07-18','DESCONOCIDO','DESCONOCIDO',111,NULL,NULL,NULL,NULL),(560,'JAVIER NICOLÁS','JULIÁ',36420774,'2001-07-19','DESCONOCIDO','DESCONOCIDO',111,NULL,NULL,NULL,NULL),(561,'NICOLÁS','LARRÁN',37455117,'2001-07-20','DESCONOCIDO','DESCONOCIDO',111,NULL,NULL,NULL,NULL),(562,'MARCO','MANGUSSI',36867737,'2001-07-21','DESCONOCIDO','DESCONOCIDO',111,NULL,NULL,NULL,NULL),(563,'LEANDRO MATÍAS','PÁEZ',36885450,'2001-07-22','DESCONOCIDO','DESCONOCIDO',111,NULL,NULL,NULL,NULL),(564,'MIGUEL ANGEL','REJAS',35548133,'2001-07-23','DESCONOCIDO','DESCONOCIDO',111,NULL,NULL,NULL,NULL),(565,'JOSÉ LEONEL','SILLICH',35548635,'2001-07-24','DESCONOCIDO','DESCONOCIDO',111,NULL,NULL,NULL,NULL),(566,'GONZALO OSCAR','SORIA',36584335,'2001-07-25','DESCONOCIDO','DESCONOCIDO',111,NULL,NULL,NULL,NULL),(567,'JAVIER EDUARDO','ALDERETE',37311440,'2001-07-26','DESCONOCIDO','DESCONOCIDO',111,NULL,NULL,NULL,NULL),(568,'ALDO DAVID','ÁLVAREZ',37311736,'2001-07-27','DESCONOCIDO','DESCONOCIDO',111,NULL,NULL,NULL,NULL),(569,'DIEGO RODRIGO','BUSTAMANTE',36866259,'2001-07-28','DESCONOCIDO','DESCONOCIDO',111,NULL,NULL,NULL,NULL),(570,'GIANFRANCO DANIEL','CELERINO',36839576,'2001-07-29','DESCONOCIDO','DESCONOCIDO',111,NULL,NULL,NULL,NULL),(571,'PABLO ALEJANDRO','INCINGA',35484819,'2001-07-30','DESCONOCIDO','DESCONOCIDO',111,NULL,NULL,NULL,NULL),(572,'JOSÉ FRANCISCO','MARTÍNEZ',36281704,'2001-07-31','DESCONOCIDO','DESCONOCIDO',111,NULL,NULL,NULL,NULL),(573,'ARIEL','MEDINA',35356552,'2001-08-01','DESCONOCIDO','DESCONOCIDO',111,NULL,NULL,NULL,NULL),(574,'CRISTIAN NICOLÁS','MEDINA',37455806,'2001-08-02','DESCONOCIDO','DESCONOCIDO',111,NULL,NULL,NULL,NULL),(575,'BRAIAN NICOLÁS','NAHAS',37191407,'2001-08-03','DESCONOCIDO','DESCONOCIDO',111,NULL,NULL,NULL,NULL),(576,'LUCAS ALEJANDRO','ORELLANA',37456557,'2001-08-04','DESCONOCIDO','DESCONOCIDO',111,NULL,NULL,NULL,NULL),(577,'NELSON FERNANDO','PACHECO',37097297,'2001-08-05','DESCONOCIDO','DESCONOCIDO',111,NULL,NULL,NULL,NULL),(578,'GASTÓN EXEQUIEL','PAVÓN',37097204,'2001-08-06','DESCONOCIDO','DESCONOCIDO',111,NULL,NULL,NULL,NULL),(579,'JOSÉ NAHUEL','RÍOS ',36224482,'2001-08-07','DESCONOCIDO','DESCONOCIDO',111,NULL,NULL,NULL,NULL),(580,'JORGE LUIS','ROBLES',37097021,'2001-08-08','DESCONOCIDO','DESCONOCIDO',111,NULL,NULL,NULL,NULL),(581,'IVÁN ENRIQUE','ROMANO',36231978,'2001-08-09','DESCONOCIDO','DESCONOCIDO',111,NULL,NULL,NULL,NULL),(582,'MARTÍN EDUARDO','SANSONE',36839699,'2001-08-10','DESCONOCIDO','DESCONOCIDO',111,NULL,NULL,NULL,NULL),(583,'CRISTIAN HERALDO','TEJEDA',37312197,'2001-08-11','DESCONOCIDO','DESCONOCIDO',111,NULL,NULL,NULL,NULL),(584,'NICOLÁS','VALLADARES',37311892,'2001-08-12','DESCONOCIDO','DESCONOCIDO',111,NULL,NULL,NULL,NULL),(585,'FEDERICO EZEQUIEL','VEGA',37501970,'2001-08-13','DESCONOCIDO','DESCONOCIDO',111,NULL,NULL,NULL,NULL),(586,'RODRIGO NAZARENO','SOTO',39478614,'1995-12-21','PJE. MARTIN FIERRO 651','EL MANANTIAL',4391477,NULL,NULL,NULL,NULL),(587,'RODRIGO NAZARENO','SOTO',NULL,NULL,NULL,NULL,NULL,NULL,NULL,NULL,NULL),(588,'ENZO GABRIEL','OLIVERA',40136079,'1997-01-09','LIBERTAD ESQ. SAN MARTIN','SAN PABLO',4,NULL,NULL,NULL,NULL),(589,'FRANCO AGUSTIN','ALBORNOZ',42120983,'1999-08-07','Bº SAN FRANCISCO MZA 37 - CASA 11','SAN MIGUEL DE TUCUMAN',4393509,NULL,NULL,NULL,NULL),(590,'MATIAS','ALBRI',41903912,'2000-02-29','PJE O´HIGGINS 927','SAN MIGUEL DE TUCUMAN',4,NULL,NULL,NULL,NULL),(591,'AGUSTIN','ALMARAZ',42548569,'2000-05-12','PJE ZUVIRÍA 3330','SAN MIGUEL DE TUCUMAN',4005612,NULL,NULL,NULL,NULL),(592,'LUCIO ALEJANDRO','ARGIRO',42007256,'1999-09-30','Bº SAN FRANCISCO MZA 12- CASA 32','SAN MIGUEL DE TUCUMAN',4392971,NULL,NULL,NULL,NULL),(593,'CRISTIAN DANIEL','BALLON CARDENAS',42547207,'2000-04-05','BUENOS AIRES 7º F 623','SAN MIGUEL DE TUCUMAN',4219933,NULL,NULL,NULL,NULL),(594,'FRANCO HERNAN','BARBOZA',42445230,'1999-11-04','FÉLIX DE OLAZÁBAL 1277','EL RODEO- GRANEROS',4340833,NULL,NULL,NULL,NULL),(595,'GONZALO MATIAS','BRINGAS',42277250,'1999-12-15','PJE COVIELLO MZA C- CASA 22 3203','SAN MIGUEL DE TUCUMAN',4321108,NULL,NULL,NULL,NULL),(596,'DANIEL EMILIO','CANEPA',41299579,'1999-09-24','FLORIDA 4154','SAN MIGUEL DE TUCUMAN',4393039,NULL,NULL,NULL,NULL),(597,'LUCAS FERNANDO','CARRIZO GIUDICE',41983196,'1999-07-20','Bº CONGRESO MZA S- CASA 30','SAN MIGUEL DE TUCUMAN',4000024,NULL,NULL,NULL,NULL),(598,'IAN FRANCO','CASTRIOTTA',42292019,'1999-10-17','Bº OESTE II MZA H- BLOCK 23 DPTO B','SAN MIGUEL DE TUCUMAN',4850209,NULL,NULL,NULL,NULL),(599,'CAMILA BELEN','CHAYLE',42221074,'1999-10-15','CAMINO DE SIRGA 471','YERBA BUENA',4317140,NULL,NULL,NULL,NULL),(600,'LISANDRO','CIVILI DE LA VEGA',42500381,'2000-04-20','Bº PRESIDENTE PERON MZA 4- CASA 10','SAN MIGUEL DE TUCUMAN',4399667,NULL,NULL,NULL,NULL),(601,'MATIAS SANTIAGO','CORREA ZORRILLA',42008780,'1999-07-03','Bº CONGRESO MZA S- CASA 26','SAN MIGUEL DE TUCUMAN',4347339,NULL,NULL,NULL,NULL),(602,'MARIANO','DIAZ',42221458,'1999-10-04','CHARCAS 1133','SAN MIGUEL DE TUCUMAN',4975630,NULL,NULL,NULL,NULL),(603,'FEDERICO DANIEL','GARCIA',42547017,'2000-04-12','SUIPACHA 1847','SAN MIGUEL DE TUCUMAN',4271404,NULL,NULL,NULL,NULL),(604,'VALENTIN','GOMEZ ESPECHE',42185372,'2000-02-14','Bº 120 VIVIENDAS MZA A - CASA 11','SAN ANDRES',4915539,NULL,NULL,NULL,NULL),(605,'TOMAS','GONZALEZ',42008784,'1999-08-10','MUÑECAS 6º B 486','SAN MIGUEL DE TUCUMAN',4218079,NULL,NULL,NULL,NULL),(606,'ANDRES EMILIO','GONZALEZ PAEZ',42121811,'1999-09-04','MORENO PB- DPTO 1 1392','SAN MIGUEL DE TUCUMAN',0,NULL,NULL,NULL,NULL),(607,'MARIA SOFIA','HOYOS',42719453,'2000-06-30','BERNABE ARAOZ 276','SAN MIGUEL DE TUCUMAN',4228769,NULL,NULL,NULL,NULL),(608,'EZEQUIEL ALEJANDRO','JENKS',42371914,'1999-12-02','AV. BELGRANO 3º BLOCK 2º PISO DPTO B 2752','SAN MIGUEL DE TUCUMAN',4326182,NULL,NULL,NULL,NULL),(609,'LUCIANO GABRIEL','LEAL',42221252,'1999-10-15','BENJAMIN VILLAFAÑE 2701','SAN MIGUEL DE TUCUMAN',4275369,NULL,NULL,NULL,NULL),(610,'FACUNDO MIGUEL','LOBO',42008889,'1999-08-17','COLOMBIA 2609','SAN MIGUEL DE TUCUMAN',4342224,NULL,NULL,NULL,NULL),(611,'GUSTAVO GABRIEL','LOPEZ KIRSCHBAUM',42270058,'1999-12-20','MARTIN RODRIGUEZ 1666','SAN MIGUEL DE TUCUMAN',4850600,NULL,NULL,NULL,NULL),(612,'SANTIAGO XAVIER','PEREA',42664435,'2000-05-19','LOMAS DE TAFI SEC. 14 - MZA 3- L: 2 -- CASA 10','TAFI VIEJO',3072026,NULL,NULL,NULL,NULL),(613,'SERGIO GABRIEL','QUEZADA GOMEZ',43026416,'1999-11-10','RAFAEL OBLIGADO 2948','SAN MIGUEL DE TUCUMAN',381,NULL,NULL,NULL,NULL),(614,'JOAQUIN ESTEBAN','SARMIENTO',42269723,'1999-11-30','SARGENTO CABRAL 156','SAN MIGUEL DE TUCUMAN',4237069,NULL,NULL,NULL,NULL),(615,'GUILLERMO EXEQUIEL','SIMON',42467239,'2000-03-03','Bº ODONTOLOGICO MZA I - CASA 8','SAN PABLO ',4919430,NULL,NULL,NULL,NULL),(616,'AGUSTIN','SINI',42122622,'1999-10-23','CONGRESO 109','TAFI VIEJO',2147483647,NULL,NULL,NULL,NULL),(617,'MARTIN ANDRES','ZAMBUDIO',42445061,'1999-10-29','COLOMBIA 2586','SAN MIGUEL DE TUCUMAN',4854098,NULL,NULL,NULL,NULL),(618,'MIGUEL ANGEL','ARAGON',43706942,'2000-04-22','PJE. IGNACIO ARAOZ 2070 - Bº COPIATT II MZA F - LO','SAN MIGUEL DE TUCUMAN',4361215,NULL,NULL,NULL,NULL),(619,'MAXIMILIANO DANIEL','BARRIONUEVO',42718470,'2000-06-07','Bº AMPLIACION SOEME MZA G - CASA 2','SAN MIGUEL DE TUCUMAN',4377446,NULL,NULL,NULL,NULL),(620,'LAUTARO ESTEFANO','CEGADA',42221117,'1999-10-01',NULL,'SAN MIGUEL DE TUCUMAN',485316,NULL,NULL,NULL,NULL),(621,'JOSE ALFREDO','DIAZ',42008883,'1999-08-13','CALLE 25 - VILLA MARIANO MORENO 544','LAS TALITAS',4373124,NULL,NULL,NULL,NULL),(622,'MARIO NICOLAS','ESPAÑA',42122774,'1999-07-26','MAIPU 2020','SAN MIGUEL DE TUCUMAN',4552214,NULL,NULL,NULL,NULL),(623,'JUAN SANTIAGO','FIGUEROA DEMIDOWICH',42007036,'1999-07-28','MATHEU 3057','SAN MIGUEL DE TUCUMAN',4363088,NULL,NULL,NULL,NULL),(624,'JUAN MARIANO','GIRBAU ALFARO',42121982,'1999-09-12','SAN LUIS ESQUINA ROMANO 900','YERBA BUENA',NULL,NULL,NULL,NULL,NULL),(625,'IGNACIO','GONZALEZ',42221464,'1999-10-28','RAUL COLOMBRES 328','SAN MIGUEL DE TUCUMAN',4281013,NULL,NULL,NULL,NULL),(626,'IVAN DANIEL','IÑIGO',42665179,'2000-05-12','SAN SALVADOR 320','SAN MIGUEL DE TUCUMAN',4280628,NULL,NULL,NULL,NULL),(627,'DIEGO ALBERTO ERNESTO','JUAREZ',43161911,'2000-12-16','ECUADOR 4400','SAN MIGUEL DE TUCUMAN',4341107,NULL,NULL,NULL,NULL),(628,'PAULO MARCELO','LEDESMA',42221341,'1998-10-27','Bº 40 VIVIENDAS MZA A -- CASA 12','ALDERETES ',4942369,NULL,NULL,NULL,NULL),(629,'JUAN LORENZO','MADARIAGA',42467304,'2000-03-21','SAN JUAN 3020','SAN MIGUEL DE TUCUMAN',4898053,NULL,NULL,NULL,NULL),(630,'SANTIAGO','MAJOLLI',42664293,'1999-10-15','PJE ZUVIRIA 2926','SAN MIGUEL DE TUCUMAN',4342971,NULL,NULL,NULL,NULL),(631,'JOAQUIN','MENDOZA DE FRANCESCO',42371544,'2000-01-06','PJE PANTALEON FERNADEZ 645','SAN MIGUEL DE TUCUMAN',4293688,NULL,NULL,NULL,NULL),(632,'LEANDRO EXEQUIEL','MIRANDA',42122808,'1999-08-20','Bº APEM MZA A -- CASA 3','LAS TALITAS',4376756,NULL,NULL,NULL,NULL),(633,'JUAN PABLO','MOYANO',42410948,'1999-12-28','MENDOZA 138','LASTENIA',4264149,NULL,NULL,NULL,NULL),(634,'MATIAS EMILIANO','NANNI',42548565,'2000-04-29','Bº POLICIAL III MZA M --CASA 14','SAN MIGUEL DE TUCUMAN',4005908,NULL,NULL,NULL,NULL),(635,'BRUNO ENRIQUE','OCAMPO',42499670,'1999-12-27','PJE HERNAN CORTES 3367','SAN MIGUEL DE TUCUMAN',4233607,NULL,NULL,NULL,NULL),(636,'GASTON GUSTAVO','OLIVERA',42371570,'2000-01-28','LAMADRID Bº DEL ROSARIO 320','EL MANANTIAL',4393462,NULL,NULL,NULL,NULL),(637,'JUAN IGNACIO','ORTIZ',42221490,'1999-11-12','Bº SEOC MZA E -- CASA 17','SAN MIGUEL DE TUCUMAN',4368294,NULL,NULL,NULL,NULL),(638,'JERONIMO ANDRÉS','PALIZA',42206049,'1999-09-25','AV. MATE DE LUNA 3378','SAN MIGUEL DE TUCUMAN',4327888,NULL,NULL,NULL,NULL),(639,'FRANCISCO ANDRES','PARDO',42172823,'1999-09-13','ALFONSINA STORNI 471','SAN MIGUEL DE TUCUMAN',4271589,NULL,NULL,NULL,NULL),(640,'FABRIZIO ELIAN','PEREZ CASTRO',42935847,'1999-12-01','PJE MONTEVIDEO 2097','SAN MIGUEL DE TUCUMAN',4360736,NULL,NULL,NULL,NULL),(641,'MIGUEL ANGEL','RISSO PATRON',42121949,'1999-08-22','LARREA 1845','SAN MIGUEL DE TUCUMAN',153506870,NULL,NULL,NULL,NULL),(642,'SANTIAGO','RODRIGUEZ',42215890,'1999-10-15',NULL,'SAN MIGUEL DE TUCUMAN',4345921,NULL,NULL,NULL,NULL),(643,'HERNAN ALEJANDRO','RODRIGUEZ CRESPO',43502996,'2000-04-17','Bº AEROPUERTO MZA F - LOTE 24','BANDA DEL RIO SALI',155780490,NULL,NULL,NULL,NULL),(644,'AARON','ROODSCHILD',41984308,'1999-09-24','CONSTITUCION 48','TAFI VIEJO',4615692,NULL,NULL,NULL,NULL),(645,'FRANCISCO','ACOSTA',42500341,'2000-04-10','PJE HOLMBERT 2567','SAN MIGUEL DE TUCUMAN',4343517,NULL,NULL,NULL,NULL),(646,'IGUZKI','AGUIRRE',45275058,'2000-04-25','LAPRIDA 124','TAFI VIEJO',4616448,NULL,NULL,NULL,NULL),(647,'IGNACIO GABRIEL','ALBARRACIN',42500338,'2002-03-18','PJE BASCARY Bº CIUDAD PARQUE 4136','SAN MIGUEL DE TUCUMAN',NULL,NULL,NULL,NULL,NULL),(648,'LUCAS MARTIN','ARAGON',42548563,'2000-05-12','AV. ZENON SANTILLAN 3246','SAN MIGUEL DE TUCUMAN',4345690,NULL,NULL,NULL,NULL),(649,'TOBIAS FEDERICO','ARIAS',42719387,'2000-06-15','PJE FRAY MANUEL PEREZ (ALTURA AV. ALEM 1500) 1420','SAN MIGUEL DE TUCUMAN',4246685,NULL,NULL,NULL,NULL),(650,'JUAN CRUZ','AVILA',42371415,'2000-01-30','RIVADAVIA PISO 3 - DPTO C','SAN MIGUEL DE TUCUMAN',4524720,NULL,NULL,NULL,NULL),(651,'MARIANO EZEQUIEL','CARRIZO',42007287,'1999-09-16','12 DE OCTUBRE 1450','SAN MIGUEL DE TUCUMAN',4238542,NULL,NULL,NULL,NULL),(652,'LUIS GABRIEL','CASARES',42350793,'1999-09-15','Bº CRUCERO BELGRANO MZA I - CASA 6','SAN MIGUEL DE TUCUMAN',NULL,NULL,NULL,NULL,NULL),(653,'SALUSTIANO','CASTRO AYUSA',42221036,'1999-09-13','9 DE JULIO 65','TAFI VIEJO',4616756,NULL,NULL,NULL,NULL),(654,'FACUNDO ISAIAS','CHICO',42277190,'1999-11-25','URUGUAY 1694','SAN MIGUEL DE TUCUMAN',4231423,NULL,NULL,NULL,NULL),(655,'MARIO FACUNDO','CORBALAN',42215939,'1999-09-27','CALLE 45 263','LAS TALITAS',153508834,NULL,NULL,NULL,NULL),(656,'JUAN SEBASTIAN','CORDOBA',42006662,'1999-10-10','Bº APUNT MZA A- CASA 14','SAN MIGUEL DE TUCUMAN',4250659,NULL,NULL,NULL,NULL),(657,'LUCIANO NAHUEL','DEL CASTILLO',42371573,'2000-01-18','SARGENTO CABRAL 1996','SAN MIGUEL DE TUCUMAN',4346748,NULL,NULL,NULL,NULL),(658,'SANTIAGO','FLORES',42718067,'2000-05-10','LIDORO QUINTERO 801','SAN MIGUEL DE TUCUMAN',4518645,NULL,NULL,NULL,NULL),(659,'ALEJO EDUARDO','GODOY BONILLA',42535972,'2000-04-13','GENERAL PAZ - DPTO 16 1057','SAN MIGUEL DE TUCUMAN',4214951,NULL,NULL,NULL,NULL),(660,'JOAQUIN EMILIO','GOMEZ CORDOBA',42467201,'2000-02-06','PJE MIGUEL CANE 2554','SAN MIGUEL DE TUCUMAN',4238854,NULL,NULL,NULL,NULL),(661,'LUCIANO EXEQUIEL','GOMEZ ROBERTI',42121684,'1999-08-02','JUAN POSSE 2903','SAN MIGUEL DE TUCUMAN',4270922,NULL,NULL,NULL,NULL),(662,'NICOLAS EMMANUEL','GONZALEZ',42547727,'2000-05-09','VELEZ SARFIELD 863','SAN MIGUEL DE TUCUMAN',4618259,NULL,NULL,NULL,NULL),(663,'MARTIN GABRIEL','GUTIERREZ',42121969,'1999-09-14','DIEGO DE VILLAROEL 957','SAN MIGUEL DE TUCUMAN',4,NULL,NULL,NULL,NULL),(664,'LUCAS AGUSTIN','MATAR',42079690,'1999-07-30','PJE ALONSO DE MERCADO (LAPRIDA 1300) 372','SAN MIGUEL DE TUCUMAN',4310675,NULL,NULL,NULL,NULL),(665,'MAURO','NARANJO SOSA',42500260,'2000-06-02','LOMAS DE TAFI-- SECTOR 8- MZA 11- CASA 17','TAFI VIEJO',4,NULL,NULL,NULL,NULL),(666,'OCTAVIO','NARASKEVICIUS',42121515,'1999-08-31','Bº CONGRESO MZA T-- CASA 22','SAN MIGUEL DE TUCUMAN',4853674,NULL,NULL,NULL,NULL),(667,'JUAN IGNACIO','OLIVERA',42500013,'2000-03-14','LOMAS DE TAFI SECTOR 19-- MZA 16-- CASA','TAFI VIEJO',4,NULL,NULL,NULL,NULL),(668,'JOAQUIN ONESIMO','PEDRAZA',42523297,'2000-06-01','Bº 260 VIVIENDAS MZA C -- CASA 20','SAN MIGUEL DE TUCUMAN',4973512,NULL,NULL,NULL,NULL),(669,'MARIANO EMANUEL','RODRIGUEZ',42221152,'1999-10-19','ISABEL LA CATOLICA 33','SAN MIGUEL DE TUCUMAN',4277075,NULL,NULL,NULL,NULL),(670,'LUIS JULIAN','RODRIGUEZ ROJAS',42664568,'2000-06-03','AV. 30 DE NOVIEMBRE 300','SAN ANDRES',NULL,NULL,NULL,NULL,NULL),(671,'FRANCO MAXIMILIANO','TESSARI MEDINA',42548650,'2000-06-05','CRISOSTOMO ALVAREZ 2920','SAN MIGUEL DE TUCUMAN',4232805,NULL,NULL,NULL,NULL),(672,'PABLO ENRIQUE','VOTO',42719373,'2000-06-06','LAPRIDA PISO 8º -- DPTO 3 612','SAN MIGUEL DE TUCUMAN',4941660,NULL,NULL,NULL,NULL),(673,'JUAN MARTIN','ROMANO',41650960,'1998-10-20',NULL,'SAN MIGUEL DE TUCUMAN',4293111,NULL,NULL,NULL,NULL),(674,'MATIAS SEBASTIAN','ALMARAZ',43289809,'2001-02-06','COLOMBIA 2968','SAN MIGUEL DE TUCUMAN',4,NULL,NULL,NULL,NULL),(675,'DANIEL ALBERTO','AGÜERO',43025796,'2000-09-24','Bº 360 VIV- MZ P - C 33','SAN MIGUEL DE TUCUMAN',4,NULL,NULL,NULL,NULL),(676,'MIGUEL ALBERTO','ALVAREZ',43362708,'2001-05-08','Bº SAN RAMON NONATO MZ \"F\" LOTE 4 - ALTURA (JUJU 5800','SAN MIGUEL DE TUCUMAN',429,NULL,NULL,NULL,NULL),(677,'GONZALO SEBASTIÁN','ARIAS',43431429,'2001-04-24','BENJAMÍN VILLAFAÑE Y 3º PASAJE 850','EL MANANTIAL',4,NULL,NULL,NULL,NULL),(678,'JOSÉ IGNACIO','ARTIGAS',43027283,'2001-03-17','Bº LOS FRESNOS MZF-C10-BRS','SAN MIGUEL DE TUCUMAN',4,NULL,NULL,NULL,NULL),(679,'LUCA','BARRIONUEVO',43227161,'2001-02-06','DON ORIONE 4630','SAN MIGUEL DE TUCUMAN',4,NULL,NULL,NULL,NULL),(680,'GUSTAVO ANDRÉS','CAMPOS',43290394,'2001-03-21','VICENTE GALLO MZ E-C 17 1143','SAN MIGUEL DE TUCUMAN',4,NULL,NULL,NULL,NULL),(681,'EMILIANO','CANSECO',43028127,'2001-01-22','MANUEL ESTRADA 3315','SAN MIGUEL DE TUCUMAN',430,NULL,NULL,NULL,NULL),(682,'MARCOS GONZALO','DADÍN',43026205,'2000-08-17','Bº PARQUE SUR-MZK-C30(JUJUY4000)','SAN MIGUEL DE TUCUMAN',NULL,NULL,NULL,NULL,NULL),(683,'RAÚL NICOLÁS','FIORI HERRERA',42958720,'2000-09-11','PJE MONSERRAT 2523','SAN MIGUEL DE TUCUMAN',4,NULL,NULL,NULL,NULL),(684,'FEDERICO','GALLAC',43501152,'2001-06-20','Bº POLICIAL III-MZK-C16','SAN MIGUEL DE TUCUMAN',4,NULL,NULL,NULL,NULL),(685,'VICTOR ALEJO','GUZMÁN',43003428,'2000-11-20','ELISEO CANTÓN 156','SAN ISIDRO DE LULES',4,NULL,NULL,NULL,NULL),(686,'FEDERICO','HUMOLLER',43202899,'2001-01-22','Bº PARQUE SUR-MZC-L13(JUJUY 4000)','SAN MIGUEL DE TUCUMAN',NULL,NULL,NULL,NULL,NULL),(687,'MATEO AMIR','IMAIN',43026112,'2000-09-29','JUJUY 1060','SAN MIGUEL DE TUCUMAN',4,NULL,NULL,NULL,NULL),(688,'CRISTIAN MAXIMILIANO','LEMOS',43205021,'2001-05-05','Bº MANANTIAL SUR SECTOR A MZA 38 CASA 4','SAN MIGUEL DE TUCUMAN',2147483647,NULL,NULL,NULL,NULL),(689,'RAMIRO JAVIER','LENCINA',42938690,'2001-01-19','PJE JÚPITER (YB) 139','YERBA BUENA',4,NULL,NULL,NULL,NULL),(690,'TIAN SHEIKO','LIU',43162751,'2000-12-11','RIVADAVIA 345','FAMAILLA',NULL,NULL,NULL,NULL,NULL),(691,'FRANCO EXEQUIEL','MENA ALMEIDA',42935712,'2000-08-09','MORENO 847','SAN MIGUEL DE TUCUMAN',4,NULL,NULL,NULL,NULL),(692,'JULIO RAMIRO','NAVARRO SARACHO',43501113,'2001-05-22','Bº SEOC MZ A-C2','SAN MIGUEL DE TUCUMAN',4,NULL,NULL,NULL,NULL),(693,'NICOLÁS AUGUSTO','ORDOÑEZ',42548876,'2000-09-30','Bº PADILLA-DIAG.7 1109','SAN MIGUEL DE TUCUMAN',4,NULL,NULL,NULL,NULL),(694,'MAURO VALENTÍN','ORLANDO',42797700,'2000-09-28','SAN JUAN 2396','SAN MIGUEL DE TUCUMAN',4,NULL,NULL,NULL,NULL),(695,'MARIANO','PALACIO ZURITA',42939850,'2000-09-11','Bº LAS ACACIAS MZC-C4-YB','YERBA BUENA',4,NULL,NULL,NULL,NULL),(696,'FRANCISCO','PALAZZO',42270382,'1999-12-18','DON BOSCO 3425','SAN MIGUEL DE TUCUMAN',381,NULL,NULL,NULL,NULL),(697,'IVÁN LAUTARO','PARRADO',43433248,'2001-04-08','Bº 2 DE SETIEMBRE MZ 5 C25','SAN MIGUEL DE TUCUMAN',153,NULL,NULL,NULL,NULL),(698,'RODRIGO MARTÍN','PAZ',43204690,'2001-02-19','MZ J-C6(ENTRE 33 Y 35) Bº CGT','LAS TALITAS',4,NULL,NULL,NULL,NULL),(699,'LAUTARO JESÚS','PEREYRA CLARES',43001535,'2000-09-18','Bº RINCON DEL ESTE MZ F C16','SAN MIGUEL DE TUCUMAN',4945068,NULL,NULL,NULL,NULL),(700,'PATRICIO AUGUSTO','RODRIGUEZ',43291372,'2001-02-23','PJE MARTÍN FIERRO 1088','SAN MIGUEL DE TUCUMAN',4,NULL,NULL,NULL,NULL),(701,'LUCAS JOSÉ','RUBIO',43162009,'2000-11-27','CRISÓSTOMO ALVAREZ 791','SAN MIGUEL DE TUCUMAN',4,NULL,NULL,NULL,NULL),(702,'JOAQUÍN EDUARDO','TORRES',43227370,'2001-02-06','Bº NICOLÁS AVELLANEDA MZ 1-L 26','SAN MIGUEL DE TUCUMAN',4,NULL,NULL,NULL,NULL),(703,'NICOLÁS GABRIEL','AGUIERRE',43202664,'2001-01-05','SANTA FE 114','SAN MIGUEL DE TUCUMAN',4,NULL,NULL,NULL,NULL),(704,'GONZALO MATÍAS','AHUMADA VALBERDI',42523386,'2000-08-31','ZAVALIA 980','YERBA BUENA',4,NULL,NULL,NULL,NULL),(705,'HÉCTOR IGNACIO','ALVAREZ',42936580,'2000-08-20','MANUEL ALBERTI -DP 2 2644','SAN ISIDRO DE LULES',154171131,NULL,NULL,NULL,NULL),(706,'DANIEL NICOLÁS','AMICONE',43202724,'2001-01-10','RECONQUISTA 387','YERBA BUENA',4250195,NULL,NULL,NULL,NULL),(707,'FACUNDO GABRIEL','ARANDA',43362878,'2001-03-11','Bº CRUCERO BELGRANO MZ Ñ-L17','SAN MIGUEL DE TUCUMAN',4217216,NULL,NULL,NULL,NULL),(708,'IGNACIO','BALZA',43432105,'2001-03-15','CALLE 12 Nº 641-V.M.MORENO','SAN MIGUEL DE TUCUMAN',4,NULL,NULL,NULL,NULL),(709,'LUCAS IGNACIO','BARRAZA',43227335,'2001-01-30','Bº SEOC III MZ H-C22','SAN MIGUEL DE TUCUMAN',4,NULL,NULL,NULL,NULL),(710,'SIMÓN','BUTELER DELLEPIANE',43499118,'2001-06-21','PJE D. ROMANO (YB) 141','YERBA BUENA',3073072,NULL,NULL,NULL,NULL),(711,'GASTÓN EZEQUIEL','CENA',43202808,'2001-01-11','Bº PTE PERÓN-MZ 8-C 31','SAN MIGUEL DE TUCUMAN',4,NULL,NULL,NULL,NULL),(712,'GASTÓN NAHUEL','COROMINA',43026183,'2000-09-21','MARCOS PAZ 3309','SAN MIGUEL DE TUCUMAN',4,NULL,NULL,NULL,NULL),(713,'SILVIO ANDRÉS','CUELLO',43226461,'2001-02-03','PJE LOS SOSA S/N(FTE PORTAL)','AGUILARES',NULL,NULL,NULL,NULL,NULL),(714,'MATÍAS FERNANDO','DEPAZ',42938811,'2000-08-18','LOMAS DE TAFÍ-SECT.19 MZ 10 - C8','TAFI VIEJO',381,NULL,NULL,NULL,NULL),(715,'GONZALO GERMÁN','FRANCO',42523345,'2000-07-27','SANTO DOMINGO (YB) 650','YERBA BUENA',4,NULL,NULL,NULL,NULL),(716,'IGNACIO AUGUSTO','GIMENEZ CÓRDOBA',42935877,'2000-08-03','Bº ALTOS DEL MANANTIAL- MZ A-C 20','SAN MIGUEL DE TUCUMAN',381,NULL,NULL,NULL,NULL),(717,'BENJAMÍN','KIRSCHBAUM',43225953,'2001-02-17','AV.ZENÓN SANTILLÁN 3336','SAN MIGUEL DE TUCUMAN',4,NULL,NULL,NULL,NULL),(718,'MATEO SEBASTIÁN','MOLINA',43503148,'2001-05-24','CÓRDOBA 31','SAN MIGUEL DE TUCUMAN',4,NULL,NULL,NULL,NULL),(719,'LAUTARO GABRIEL','MOLINA',43226105,'2001-04-09','PJE IRAMAÍN S/N BºEL MIRADOR(LASTENIA)BRS','BANDA DEL RIO SALI',4260183,NULL,NULL,NULL,NULL),(720,'JEREMÍAS','MORENO IVANOFF',42939900,'2000-09-16','AVDA BELGRANO 1779','SAN MIGUEL DE TUCUMAN',4,NULL,NULL,NULL,NULL),(721,'GONZALO MARTÍN','NIEVA',43202794,'2001-01-15','Bº STA. RITA MZ 1- C41(ALDERETES)','ALDERETES',4943201,NULL,NULL,NULL,NULL),(722,'DAVID AARON','NUÑEZ',42936620,'2000-08-03','PJE POSADAS (ALT.SUIPACHA1350) 1260','SAN MIGUEL DE TUCUMAN',NULL,NULL,NULL,NULL,NULL),(723,'JOSÉ MARIANO','PASTOR',43291722,'2001-08-07','Bº VIALII-MZD-C15(CEVIL REDONDO-YB)','YERBA BUENA ',4,NULL,NULL,NULL,NULL),(724,'FACUNDO EXEQUIEL','PAZ',42935928,'2000-08-09','BºLOS APÓSTOLES-MZ H - C18 - LAS TALITAS','LAS TALITAS',156,NULL,NULL,NULL,NULL),(725,'LUCAS NICOLÁS','POPOFF TRUCCONE',43362042,'2001-03-23','Bº110-LOS FRESNOS - MZ A - C17','BANDA DEL RIO SALI',4,NULL,NULL,NULL,NULL),(726,'JUAN AUGUSTO','QUIROGA GAUNA',43290354,'2001-03-14','BºCRUCERO BELGRANO MZO-L23','SAN MIGUEL DE TUCUMAN',4,NULL,NULL,NULL,NULL),(727,'JAVIER IGNACIO','VILLAFAÑE',43028075,'2000-12-20','PJE MONSERRAT -BºECHEVERRÍA 2594','SAN MIGUEL DE TUCUMAN',4,NULL,NULL,NULL,NULL),(728,'NICOLÁS ALEJANDRO','VOLENTINI VILLAFAÑE',43163059,'2001-02-05','CALLE SAN PABLO 49-EL CORTE','YERBA BUENA',4,NULL,NULL,NULL,NULL),(729,'LUIS ALEJANDRO','ALBORNOZ',43003482,'2000-11-09','LOMAS DE TAFÍ-SECT 8-MZ13-L4-C4','TAFI VIEJO',2147483647,NULL,NULL,NULL,NULL),(730,'ORLANDO LUCAS PABLO','ALMAZÁN',43564412,'2001-07-19','PJE VIEYTES , MZ12-L29 4050','SAN MIGUEL DE TUCUMAN',154757040,NULL,NULL,NULL,NULL),(731,'MARTÍN EZEQUIEL','AMAYA',43025633,'2000-09-21','BELISARIO ROLDAN 277','SAN MIGUEL DE TUCUMAN',4,NULL,NULL,NULL,NULL),(732,'LUIS EXEQUIEL','BOBBA',42936938,'2000-11-24','LAVALLE -P.A. 2678','SAN MIGUEL DE TUCUMAN',4,NULL,NULL,NULL,NULL),(733,'PATRICIO GABRIEL','BRINGA CHIBILISCO',43026825,'2000-10-26','CALLE PRINCIPAL(OHUANTASAN PABLO)','SAN PABLO',155873857,NULL,NULL,NULL,NULL),(734,'LEANDRO','CALIARI',43290052,'2001-03-05','SAN MARTIN- PISO 3 DPTO C 951','SAN MIGUEL DE TUCUMAN',4,NULL,NULL,NULL,NULL),(735,'GUADALUPE','CARAM',43026629,'2000-11-09','Bº147 VIV MZ11-C7(V.CARMELA)','TAFI VIEJO',4930803,NULL,NULL,NULL,NULL),(736,'FABRICIO LUCAS','CARRIZO',42938979,'2000-08-26','PJE PARANÁ -EL MANANTIAL 140','SAN MIGUEL DE TUCUMAN',156504611,NULL,NULL,NULL,NULL),(737,'AXEL TOMÁS','COLOMBRES',42939787,'2000-09-27','GUATEMALA -TORRE E 1º D 1300','SAN MIGUEL DE TUCUMAN',NULL,NULL,NULL,NULL,NULL),(738,'MATÍAS JULIÁN','CORONEL',42525175,'2000-08-18','Bº EVA PERÓN C16','SAN PABLO',4,NULL,NULL,NULL,NULL),(739,'FERNANDO TOMÁS','CORREA LACQUANITI',43363330,'2001-05-17','SANTO DOMINGO 689','SAN MIGUEL DE TUCUMAN',4356253,NULL,NULL,NULL,NULL),(740,'LUCAS MARIANO','DELGADO',43028143,'2001-01-22','Bº 240 VIV.MZO C38-VA.CARMELLA','TAFI VIEJO',4,NULL,NULL,NULL,NULL),(741,'SANTIAGO FACUNDO','DEL MORAL',43651353,'2001-07-23','Bº LOS APÓSTOLES. MZ L-C15','SAN MIGUEL DE TUCUMAN',4261611,NULL,NULL,NULL,NULL),(742,'DANIEL ALEJANDRO','DIAZ MIRANDA',43362736,'2001-05-12','AMADOR LUCERO 245','SAN MIGUEL DE TUCUMAN',4,NULL,NULL,NULL,NULL),(743,'FRANCISCO NICOLÁS','ERAZU',43499727,'2001-08-16','Bº BLASCO II MZA C CASA 15','SAN MIGUEL DE TUCUMAN',4,NULL,NULL,NULL,NULL),(744,'NAHIR AYLÉN','ESEN DIAZ',42937478,'2000-08-19','PERÚ 1061','SAN MIGUEL DE TUCUMAN',4,NULL,NULL,NULL,NULL),(745,'MARÍA JOSÉ','GODOY GOMEZ',42935661,'2000-08-09','ALVAREZ CONDARCO 83','SAN MIGUEL DE TUCUMAN',4,NULL,NULL,NULL,NULL),(746,'MARTÍN NICOLÁS','GONZÁLEZ',43162100,'2000-11-09','LOMAS DE TAFÍ-SEC-6 M4-L4-C1','TAFI VIEJO',4611455,NULL,NULL,NULL,NULL),(747,'GABRIEL VÍCTOR BALTHAZAR','HAHN',94880903,'2001-03-19','LAVALLE -5º P 1070','SAN MIGUEL DE TUCUMAN',4,NULL,NULL,NULL,NULL),(748,'IVÁN NICOLÁS','KARSVNIE',43202750,'2001-01-05','Bº SAN MARTÍN-MZ7- C19','TAFI VIEJO',4,NULL,NULL,NULL,NULL),(749,'CRISTÓBAL EUGENIO','MAMBERTO VIRLA',43003671,'2001-02-16','PJE DÍAZ VÉLEZ 560','SAN MIGUEL DE TUCUMAN',4,NULL,NULL,NULL,NULL),(750,'FRANCO HORACIO','PORVEN',43431159,'2001-04-23','MZA E CASA Nº 2 Bº 220 VIVIENDAS','TAFI VIEJO',155247829,NULL,NULL,NULL,NULL),(751,'SANTIAGO MARTÍN','RIOS VOLENTINI',43163014,'2001-01-29','Bº SAN MARTÍN-MC-C17','SAN MIGUEL DE TUCUMAN',4,NULL,NULL,NULL,NULL),(752,'AGUSTÍN','RODRIGUEZ PAEZ',43363345,'2001-03-29','Bº GRÁFICO II-MZA-C35-SECT 3','SAN MIGUEL DE TUCUMAN',4,NULL,NULL,NULL,NULL),(753,'BRUNO JAVIER','SALAZAR',42796937,'2000-07-07','AV.SAN MARTÍN - BRS 884','BANDA DEL RIO SALI',NULL,NULL,NULL,NULL,NULL),(754,'VICENTE RAFAEL','SCHKOLNIK RIVAS',42936092,'2000-09-08','ALVAREZ CONDARCO 775','SAN MIGUEL DE TUCUMAN',153034325,NULL,NULL,NULL,NULL),(755,'MATÍAS BENJAMÍN','SOSA LOPEZ',42797586,'2000-07-30','SECTOR 8 MZA 2 CASA 11-LOMAS DE TAFI','TAFI VIEJO',4,NULL,NULL,NULL,NULL),(756,'LUCÍA','VALDEZ',43564562,'2001-05-25','Bº 1 DE NOV.-MZH-L7(LAS TALITAS)','LAS TALITAS',4,NULL,NULL,NULL,NULL),(757,'SANTIAGO ANDRÉS','ZELARAYÁN',43162354,'2000-12-19','ECUADOR 1347','SAN MIGUEL DE TUCUMAN',4,NULL,NULL,NULL,NULL),(758,'MARIA PRISCILA','CUELLO',42523485,'1999-12-21','PJE LOS SOSA S/N(FTE PORTAL)','YERBA BUENA',386,NULL,NULL,NULL,NULL),(759,'MARIA VICTORIA','DIAZ',41299916,'1998-06-13','MZNA B1 CASA 1 Bº 200 VIVIENDAS','SAN MIGUEL DE TUCUMAN',4,NULL,NULL,NULL,NULL),(760,'AGUSTIN ALEXANDER','MORENO',41182242,'1998-03-03','LOS AGUIRRES-RUTA 151- KM10','SAN ISIDRO DE LULES',381,NULL,NULL,NULL,NULL),(761,'MATIAS ENRIQUE','SOSA',40523241,'1997-06-27','MUÑECAS 612','SAN MIGUEL DE TUCUMAN',2147483647,NULL,NULL,NULL,NULL),(762,'ALEJANDRO','ABDO SAAD',43706457,'2002-02-20','SANTA FE 1º PISO -- DPTO 3 698','SAN MIGUEL DE TUCUMAN',381,NULL,NULL,NULL,NULL),(763,'ERNESTO JESUS','AGUIRRE CHAMA',43563259,'2001-11-09','PJE. MARTIN BERHO 118','YERBA BUENA',4,NULL,NULL,NULL,NULL),(764,'GIULIANO MATEO','AHUMADA CHEDE',43650520,'2001-11-06','FLORIDA 1439','SAN MIGUEL DE TUCUMAN',4,NULL,NULL,NULL,NULL),(765,'FACUNDO DAVID','ALBARRACIN',43708670,'2002-01-30','Bº EL MIRADOR MZA C -- CASA 18','VILLA CARMELA',4932726,NULL,NULL,NULL,NULL),(766,'ALAN MACIEL','ALVAREZ',43771510,'2001-11-05','RUTA 157 KM 11','SAN MIGUEL DE TUCUMAN',4,NULL,NULL,NULL,NULL),(767,'MARTIN EZEQUIEL','ARRIETA',43498772,'2001-07-09','Bº LOS APOSTOLES MZ \"A\" CASA 13','SAN MIGUEL DE TUCUMAN',15,NULL,NULL,NULL,NULL),(768,'MATIAS LAUTARO','BAENA',44028285,'2002-05-08','ASUNCION 559','SAN MIGUEL DE TUCUMAN',4,NULL,NULL,NULL,NULL),(769,'WALTER MIGUEL','BRANDAN',44030822,'2002-05-01','Bº SAN FRANCISCO MZA 34-- LOTE 12','SAN MIGUEL DE TUCUMAN',4,NULL,NULL,NULL,NULL),(770,'LAUTARO','BRUNA SERRANO',43760443,'2001-11-02','AV. MATE DE LUNA 2604 872','SAN MIGUEL DE TUCUMAN',154,NULL,NULL,NULL,NULL),(771,'FACUNDO IGNACIO','CACERES PERILLO',43706164,'2002-02-10','CHILE 975','SAN MIGUEL DE TUCUMAN',4,NULL,NULL,NULL,NULL),(772,'FRANCISCO','CARABAJAL ',43648840,'2001-12-29','Bº PARQUE SUR MZA C - CASA 17','SAN MIGUEL DE TUCUMAN',4,NULL,NULL,NULL,NULL),(773,'MARIO GABRIEL','CARRIZO ',43708713,'2002-02-14','LAPRIDA 2048','SAN MIGUEL DE TUCUMAN',4,NULL,NULL,NULL,NULL),(774,'FRANCISCO LUCAS SEBASTIAN','COSTA',43707863,'2001-11-09','PELLEGRINI 1510','SAN MIGUEL DE TUCUMAN',154131976,NULL,NULL,NULL,NULL),(775,'SANTIAGO AUGUSTO','FERRARI POLITO',43498940,'2001-07-14','AYACUCHO- 2º A 591','SAN MIGUEL DE TUCUMAN',381,NULL,NULL,NULL,NULL),(776,'IGNACIO ESTEBAN','FONTS',43290374,'2001-03-11','LAS PIEDRAS PB 732','SAN MIGUEL DE TUCUMAN',4,NULL,NULL,NULL,NULL),(777,'FRANCO','GLEMBOCKI',43784560,'2001-11-25','BOULEVARD 9 DE JULIO CASA 4 462','YERBA BUENA',4,NULL,NULL,NULL,NULL),(778,'TOMAS JOEL','LAGORIA',44028649,NULL,'PJE GARCIA 1190','SAN MIGUEL DE TUCUMAN',4,NULL,NULL,NULL,NULL),(779,'DIEGO BERNABE','LUGONES',43706401,'2002-02-21','FLORIDA 473','SAN MIGUEL DE TUCUMAN',4,NULL,NULL,NULL,NULL),(780,'IGNACIO DAVID','MANNA',43563393,'2001-11-08','Bº RINCON DEL ESTE MZA N -- CASA 24','ALDERETES',4943220,NULL,NULL,NULL,NULL),(781,'MARIANO AUGUSTO','MORALES',43964674,'2002-03-07','CALLE 13 ESQ 10 Nº 409','LAS TALITAS',4376540,NULL,NULL,NULL,NULL),(782,'MAURO','NICOTRA',43499772,'2001-09-12','AV. COLON DPTO A 489','SAN MIGUEL DE TUCUMAN',4,NULL,NULL,NULL,NULL),(783,'IVÁN ALEJANDRO','NUÑEZ',43648615,'2001-12-21','Bº PARQUE SUR MZA L -- CASA 5','SAN MIGUEL DE TUCUMAN',4,NULL,NULL,NULL,NULL),(784,'MATIAS AUGUSTO','PONCE',43775617,'2001-11-08','Bº NORTE MZA A -- CASA 18','SAN ANDRES',381,NULL,NULL,NULL,NULL),(785,'AGUSTIN','REY',43710675,'2002-02-20','BOULEVARD 9 DE JULIO 1380','YERBA BUENA',4,NULL,NULL,NULL,NULL),(786,'FACUNDO','ROJAS MAZZAMUTO',43564929,'2001-10-20','RUFINO COSSIO MZA9 LOTE 1 Bº PTE PERON 1246','SAN MIGUEL DE TUCUMAN',4,NULL,NULL,NULL,NULL),(787,'CARLOS FERNANDO','ROJO',43774844,'2002-05-25','CARLOS DARWIN 876','YERBA BUENA',4,NULL,NULL,NULL,NULL),(788,'EMANUEL DAVID','RUIZ',43498783,NULL,'WILDE 530','SAN MIGUEL DE TUCUMAN',4,NULL,NULL,NULL,NULL),(789,'ENZO LUCIANO','SIERRA',43771705,'2002-04-04','RAMIREZ DE VELASCO 1137','TAFI VIEJO',NULL,NULL,NULL,NULL,NULL),(790,'FRANCO LAUTARO','VALDES ROSATTI',44186845,'2001-12-26','BOLIVAR 1599','SAN MIGUEL DE TUCUMAN',4,NULL,NULL,NULL,NULL),(791,'MÁXIMO BAUTISTA','ZEN CAFFARO',44028068,NULL,'LAPRIDA 1º PISO-- DPTO B 495','SAN MIGUEL DE TUCUMAN',4,NULL,NULL,NULL,NULL),(792,'MAURICIO BENJAMIN','ALBORNOZ PICCINETTI',44028116,'2002-05-13','FEDERICO HELGUERA 1179','SAN MIGUEL DE TUCUMAN',4,NULL,NULL,NULL,NULL),(793,'HAMED EMMANUEL','ALE',43706085,'2002-01-31','Bº 1º DE NOVIEMBRE MZA D -- LOTE 2B','LAS TALITAS',381,NULL,NULL,NULL,NULL),(794,'CACNINTI','ARIÑEZ',44028020,'2002-05-01','BOLIVAR P.B -- DPTO C 73','SAN MIGUEL DE TUCUMAN',424,NULL,NULL,NULL,NULL),(795,'MATIAS','BAUTISTA ',43649167,'2002-01-24','Bº CONGRESO MZA S -- CASA 25','SAN MIGUEL DE TUCUMAN',4,NULL,NULL,NULL,NULL),(796,'LUCIANO EZEQUIEL','CARLINO',43708688,'2002-02-06','ESTEBAN ECHEVERRIA 481','SAN MIGUEL DE TUCUMAN',4,NULL,NULL,NULL,NULL),(797,'MATIAS MAXIMILIANO','FERNANDEZ',43706419,'2002-03-03','Bº POLICIAL IV MZA S -- CASA 15','SAN MIGUEL DE TUCUMAN',4,NULL,NULL,NULL,NULL),(798,'SANTIAGO ISMAEL','FERREIRA CORDOBA',43648715,'2001-12-05','CONGRESO 1998','SAN MIGUEL DE TUCUMAN',154,NULL,NULL,NULL,NULL),(799,'JOAQUIN LAUTARO','FLORES CISNEROS',43499290,'2001-08-28','FLORENTINO AMEGHINO 149','SAN MIGUEL DE TUCUMAN',4,NULL,NULL,NULL,NULL),(800,'JUAN IGNACIO','FUHR',43499773,'2001-08-17','PJE. GARDEL 1033','SAN MIGUEL DE TUCUMAN',4,NULL,NULL,NULL,NULL),(801,'FRANCISCO MARTIN','GARCIA',44030058,'2002-04-20','Bº MANANTIAL SUR 2500 SEC B MZNA 7 CASA 3 2938','SAN MIGUEL DE TUCUMAN',155,NULL,NULL,NULL,NULL),(802,'SANTIAGO LUIS','GIRBAU ALFARO',43499463,'2001-08-03','PJE ROMANO 950','YERBA BUENA',4355355,NULL,NULL,NULL,NULL),(803,'FABRIZIO SEBASTIÁN','GOMEZ ROSELLO',44028777,'2002-06-06','RIVADAVIA 2097','SAN MIGUEL DE TUCUMAN',4,NULL,NULL,NULL,NULL),(804,'LUCIANO','GUILLEN',43845719,'2001-12-26','AV. FRANCISCO DE AGUIRRE 2194','SAN MIGUEL DE TUCUMAN',4,NULL,NULL,NULL,NULL),(805,'JUAN CRUZ','JAEN ',43563477,'2001-11-20','SAN JUAN 3º PISO - DPTO C 449','SAN MIGUEL DE TUCUMAN',4,NULL,NULL,NULL,NULL),(806,'FACUNDO ARIEL','JIMENEZ ',44028328,'2002-05-17','GRAL SAVIO 482','SAN MIGUEL DE TUCUMAN',4,NULL,NULL,NULL,NULL),(807,'FRANCISCO JOSE','JORGE',43706042,'2002-02-01','PJE. TAGLE 3645','SAN MIGUEL DE TUCUMAN',4,NULL,NULL,NULL,NULL),(808,'MATIAS JAVIER','JUAREZ FERRIOL',43965710,'2002-03-20','CASTRO BARROS 2135','SAN MIGUEL DE TUCUMAN',4,NULL,NULL,NULL,NULL),(809,'LAUTARO EZEQUIEL','MANFREDI ',44028222,'2002-05-13','Bº TELEFONICO MZA A -- CASA 12','YERBA BUENA',4,NULL,NULL,NULL,NULL),(810,'ENZO ALEJANDRO','MARQUEZ',43567326,'2001-07-16','BLAS PARERA 150','ALDERETES',4,NULL,NULL,NULL,NULL),(811,'ESTEBAN DANIEL','MONZON',44124833,'2002-05-29','LAS PIEDRAS BLOCK C -- 2º PISO -- DPTO 4 1067','SAN MIGUEL DE TUCUMAN',4,NULL,NULL,NULL,NULL),(812,'ANDRES','PERELMUTER',43706455,'2002-03-01','AV. COLON P.A 564','SAN MIGUEL DE TUCUMAN',4,NULL,NULL,NULL,NULL),(813,'INTI AMMIEL','REYES HERRERA',44478964,'2002-02-25','J.B TERAN 3436 Bº MANANTIAL SUR 3436','YERBA BUENA',2147483647,NULL,NULL,NULL,NULL),(814,'MELINA PATRICIA IVONNE','RODRIGUEZ',43710603,NULL,'PJE. DIAZ VELEZ 1448','SAN MIGUEL DE TUCUMAN',4,NULL,NULL,NULL,NULL),(815,'CRISTIAN FACUNDO','SALCEDO',44187952,'2001-09-11','PJE. SORIANO 1600','SAN MIGUEL DE TUCUMAN',4,NULL,NULL,NULL,NULL),(816,'PATRICIO','SUAREZ ROLDÁN ',43648317,'2001-12-11','PJE JAPON 1367','SAN MIGUEL DE TUCUMAN',4364434,NULL,NULL,NULL,NULL),(817,'CESAR AUGUSTO','SANCHEZ',43771205,NULL,'RUFINO COSSIO 96','SAN MIGUEL DE TUCUMAN',4,NULL,NULL,NULL,NULL),(818,'LEOPOLDO JULIAN','SORIA',43563271,'2001-11-14','GRAL PAZ PISO 2 DPTO A 1139','SAN MIGUEL DE TUCUMAN',155891649,NULL,NULL,NULL,NULL),(819,'AITANA','VELEZ',43501362,'2001-08-26','ZENON SANTILLAN 3916','SAN MIGUEL DE TUCUMAN',4,NULL,NULL,NULL,NULL),(820,'TOMAS AUGUSTO','VILLA',44028251,'2002-05-13','BOLIVAR P.A 1212','SAN MIGUEL DE TUCUMAN',4,NULL,NULL,NULL,NULL),(821,'CAMILO','VILLANUEVA GIRIBALDI',43499218,'2001-08-25','Bº AMPLIACION APUNT MZA A -- LOTE 4 -- UNIDAD 1','YERBA BUENA',4,NULL,NULL,NULL,NULL),(822,'LISANDRO MANUEL','AGÜERO',43648175,'2001-11-26','Bº APEM MZA F -- CASA 22','LAS TALITAS',4,NULL,NULL,NULL,NULL),(823,'EDUARDO FRANCO','AGUIRRE',43965687,'2002-04-23','SAN LORENZO 2336','SAN MIGUEL DE TUCUMAN',4,NULL,NULL,NULL,NULL),(824,'TOBIAS LAUTARO','ALBARRACIN',43845928,'2002-01-01','PJE. BASCARY 4136','SAN MIGUEL DE TUCUMAN',4324126,NULL,NULL,NULL,NULL),(825,'ALEJANDRO JESUS','ARCE',44030349,'2002-04-15','Bº 170 VIVIENDAS. CODESA MZA E -- CASA 11','LOS POCITOS',4,NULL,NULL,NULL,NULL),(826,'JUAN','ARISMENDI DIAZ',43771262,'2002-05-02','PJE. MAGALLANES 2080','YERBA BUENA',381,NULL,NULL,NULL,NULL),(827,'FABRIZIO','BELLOMIO ROSSI',43771061,'2002-02-06','MARTIN FIERRO 250','YERBA BUENA',4,NULL,NULL,NULL,NULL),(828,'MARTINA ANAEL','BOLLATI',43564821,'2001-09-14','PJE. ROCA 3678','SAN MIGUEL DE TUCUMAN',4,NULL,NULL,NULL,NULL),(829,'JOAQUIN','CANO MATKOVICH',43648828,'2002-01-05','CORRIENTES 1815','SAN MIGUEL DE TUCUMAN',4,NULL,NULL,NULL,NULL),(830,'CRISTIAN GABRIEL','CASTRO',43563311,'2001-11-16','Bº SEOC III MZA B-- CASA 24','SAN MIGUEL DE TUCUMAN',156675251,NULL,NULL,NULL,NULL),(831,'FACUNDO NICOLAS','CATIVA',43706568,'2002-02-20','2º PARALELA Nº 50 - VILLA LAS ROSAS','LAS TALITAS',4,NULL,NULL,NULL,NULL),(832,'GERARDO DAVID','CORDOBA',43563178,'2001-10-17','AV. INDEPENDENCIA 1320','SAN MIGUEL DE TUCUMAN',4,NULL,NULL,NULL,NULL),(833,'THIAGO','DALFINO',43648389,'2001-11-20','Bº LOMAS DE TAFI SECTOR 6 -- MZA 2 -- CASA 18','TAFI VIEJO',492,NULL,NULL,NULL,NULL),(834,'LUIS MARIA','DECIMA',43706743,'2002-02-23','CONGRESO 1415','SAN MIGUEL DE TUCUMAN',4,NULL,NULL,NULL,NULL),(835,'GUSTAVO MARTÍN','FLORES',43845514,'2001-11-19','LIBERTAD 425','SAN MIGUEL DE TUCUMAN',4,NULL,NULL,NULL,NULL),(836,'MARCOS','GARCIA BULACIO',43964896,'2002-03-09','Bº LAS ACACIAS MZA C -- CASA 19','YERBA BUENA',4,NULL,NULL,NULL,NULL),(837,'SERGIO GABRIEL','HERRERA',43499608,'2001-09-11','Bº EL GRAFICO II MZA LL -- CASA 6 -- SECTOR 2','SAN MIGUEL DE TUCUMAN',4,NULL,NULL,NULL,NULL),(838,'LUIS SANTIAGO','IBAÑEZ',43849195,NULL,'PJE. LOLA MORA S/N','ALDERETES',381,NULL,NULL,NULL,NULL),(839,'ESTEBAN','IBAÑEZ CARDENAS',43706228,'2002-02-08','Bº FARMACEUTICOS II MZA F -- CASA 16','SAN MIGUEL DE TUCUMAN',381,NULL,NULL,NULL,NULL);
INSERT INTO `alumnos` VALUES (840,'VALENTÍN EXEQUIEL','JEREZ',43965844,'2002-05-28','BALTAZAR AGUIRRE 346','SAN MIGUEL DE TUCUMAN',4,NULL,NULL,NULL,NULL),(841,'ESTEBAN IGNACIO','LOBO SILVA',43648129,'2001-12-06','Bº POLICIAL III MZA M -- CASA 11','TAFI VIEJO',4,NULL,NULL,NULL,NULL),(842,'MARTÍN NICOLÁS','MANZUR MONTEROS',43650684,'2001-12-26','MARCOS PAZ 4338','SAN MIGUEL DE TUCUMAN',4,NULL,NULL,NULL,NULL),(843,'LAUTARO NICOLÁS','MARTINEZ MALATESTA',43499497,'2001-08-07','ESPAÑA 2423','SAN MIGUEL DE TUCUMAN',4,NULL,NULL,NULL,NULL),(844,'FRANCO JESÚS','MEDINA GONZALEZ',43499312,'2001-09-01','Bº EL GRAFICO II MZA E-- CASA 12 -- 1º SECTOR','LAS TALITAS',4,NULL,NULL,NULL,NULL),(845,'MAURICIO','MORENO ',43562683,'2001-09-20','FERMIN CARIOLA 476','YERBA BUENA',4,NULL,NULL,NULL,NULL),(846,'KEILA ABIGAIL','NAVARRETE MORFIL',44189926,'2002-07-31','FRIAS SILVA 1638','SAN MIGUEL DE TUCUMAN',2147483647,NULL,NULL,NULL,NULL),(847,'CARLOS DANIEL','PADILLA',43499528,'2001-08-14','CALLE 27 498','LAS TALITAS',381,NULL,NULL,NULL,NULL),(848,'NICOLÁS EMANUEL','PAZ',43562633,'2001-09-24','DOMINGO MATHEU 422 1º B','SAN MIGUEL DE TUCUMAN',4,NULL,NULL,NULL,NULL),(849,'CAMILO ROMÁN','PRADO',43708138,'2001-09-21','AV. AMERICA VESPUCIO 2286','SAN MIGUEL DE TUCUMAN',4,NULL,NULL,NULL,NULL),(850,'SANTIAGO TOBIAS','RIOS',44583412,'2001-09-26','Bº CGT MZA J -- CASA 15','SAN MIGUEL DE TUCUMAN',4,NULL,NULL,NULL,NULL),(851,'RODRIGO MARTÍN','SILVA',43435207,'2001-07-12','Bº LOMAS DE TAFI SECTOR 9 -- MZA 4 -- CASA 25','TAFI VIEJO',381,NULL,NULL,NULL,NULL),(852,'LUCIANO AGUSTIN','ABREGU ',41983194,NULL,NULL,NULL,NULL,NULL,NULL,NULL,NULL),(853,'NICOLAS GERARDO','QUINTERO',41833450,'1999-04-26','MENDOZA 2217','SAN MIGUEL DE TUCUMAN',NULL,NULL,NULL,NULL,NULL),(854,'LAUTARO MARTIN','HERNANDEZ',42099787,'1999-10-07','AVDA SARMIENTO 525','SAN MIGUEL DE TUCUMAN',4301745,NULL,NULL,NULL,NULL),(855,'LUCIANO DANIEL','JUAREZ VILLALOBOS',42301024,'1999-12-23','AYACUCHO 2476','SAN MIGUEL DE TUCUMAN',4295381,NULL,NULL,NULL,NULL),(856,'ESTEBAN NAHUEL','PANARIO',42371395,NULL,'ROMANO ESQ. SAN LUIS Bº MARTI COLL','YERBA BUENA',4353381,NULL,NULL,NULL,NULL),(857,'SIMON FABRICIO','AGUIRRE',44476422,'2002-10-18','LOMAS DE TAFI Bº 600 VIV. MZA 35 CASA13','TAFI VIEJO',NULL,NULL,NULL,NULL,NULL),(858,'LEONEL','AGUIRRESAROBE',44372562,'2002-07-26','BUENOS AIRES 4015 Bº CGT','SAN MIGUEL DE TUCUMAN',4295841,NULL,NULL,NULL,NULL),(859,'LEANDRO MIGUEL','ALVAREZ',44752176,'2003-04-15','Bº LOMAS DE TAFI SECTOR 7 MZA 8 CASA 12','TAFI VIEJO',381,NULL,NULL,NULL,NULL),(860,'LAUTARO LEONEL','AYALA CABALIN',44866841,'2003-06-19','PJE BOULOGNE SURMER (ENTRE LAVALLE Y LAMADRID) 2345','SAN MIGUEL DE TUCUMAN',381,NULL,NULL,NULL,NULL),(861,'LUIS FERNANDO','BULACIO',44978097,NULL,'PJE MEJIAS DE MIRABAL 715','SAN MIGUEL DE TUCUMAN',381,NULL,NULL,NULL,NULL),(862,'LUCIANO ROLANDO','BUSTAMANTE',44747783,'2003-03-27','CALLE 25 173','LAS TALITAS',381,NULL,NULL,NULL,NULL),(863,'MAURICIO','CAZAS ORO',44616241,'2002-11-25','BUENOS AIRES 3996','SAN MIGUEL DE TUCUMAN',45299295,NULL,NULL,NULL,NULL),(864,'MATIAS ALBERTO','DIAZ DÖRRHÖFER',44373330,'2002-09-08','SAN LORENZO 3056','SAN MIGUEL DE TUCUMAN',4232892,NULL,NULL,NULL,NULL),(865,'IVÁN RODRIGO','DIAZ ORELLANA',44477608,'2002-10-18','Bº LOMAS DE TAFI SECTOR 12 MZA 8 CASA 5','TAFI VIEJO',381,NULL,NULL,NULL,NULL),(866,'MAXIMO VALENTÍN','DOMINE',44638142,'2003-01-30','ECUADOR 721',NULL,4274185,NULL,NULL,NULL,NULL),(867,'GIANLUCCA','FALCI ANTACLE',44186782,'2002-09-08','PJE. MONTSERRAT ALT. AVDA AMERICA 3000 3551','SAN MIGUEL DE TUCUMAN',4344021,NULL,NULL,NULL,NULL),(868,'FACUNDO ANDRÉS','GARCIA MORENO',44476305,'2002-10-17','LOMAS DE TAFI SECTOR 7 MZA 11 CASA 14','TAFI VIEJO',4612340,NULL,NULL,NULL,NULL),(869,'AXEL RODRIGO','GARCIA SANTANDER',47974793,'2002-08-22','ALBERDI DPTO 3 1150','SAN MIGUEL DE TUCUMAN',4241656,NULL,NULL,NULL,NULL),(870,'NICOLÁS','GARRIDO OSPINA',43774867,NULL,NULL,NULL,NULL,NULL,NULL,NULL,NULL),(871,'MATIAS DANIEL','GONZALEZ',44186730,'2002-07-31','GENOVA - VILLA NUEVA ITALIA 188',NULL,4371485,NULL,NULL,NULL,NULL),(872,'JULIO TOBIAS','JUAREZ',44814310,'2003-04-09','Bº ATE MZA 16 LOTE 33','SAN MIGUEL DE TUCUMAN',NULL,NULL,NULL,NULL,NULL),(873,'GABRIEL JOSÉ','MEDINA',44373112,'2002-07-29','MZA G CASA 7 Bº 360 VIVIENDAS ALT 9 DE JULIO 4700','SAN MIGUEL DE TUCUMAN',4296972,NULL,NULL,NULL,NULL),(874,'JUAN AUGUSTO','MEDINA',44189880,'2002-07-02','MAGALLANES 955','SAN MIGUEL DE TUCUMAN',4291956,NULL,NULL,NULL,NULL),(875,'FRANCO LEONEL','MOYANO',44580504,'2002-10-28','Bº NICOLAS AVELLANEDA II MZA F LOTE 11','SAN MIGUEL DE TUCUMAN',4352642,NULL,NULL,NULL,NULL),(876,'LUCAS ARMANDO','MUÑOZ',44637553,'2003-01-12','MAGALLANES 564','SAN MIGUEL DE TUCUMAN',4296372,NULL,NULL,NULL,NULL),(877,'ELÍAS','NACUSSE',44031796,'2002-09-27','AVDA EJERCITO DEL NORTE DPTO 2 660','SAN MIGUEL DE TUCUMAN',4239727,NULL,NULL,NULL,NULL),(878,'VALENTÍN','ORTIZ CANCINO',44637590,'2003-01-07','Bº BLASCO II MZA C CASA 30 ALT CHACABUCO 4141','SAN MIGUEL DE TUCUMAN',4291645,NULL,NULL,NULL,NULL),(879,'LUCIANO NAHUEL','PARAJÓN',44373026,'2002-09-05','Bº LOMAS DE TAFI 600 VIV MZA 28 CASA 33',NULL,156108490,NULL,NULL,NULL,NULL),(880,'LEONARDO AGUSTIN','PICIUCCHI',44373466,'2002-09-01','AVDA PERON Y SALTA Bº BUENA VISTA','YERBA BUENA',4856154,NULL,NULL,NULL,NULL),(881,'IVAN ALEXANDER','PLÁATE',44477775,'2002-11-02','LOS VALLISTOS Bº 600 VIV II MZA D CASA 2','BANDA DEL RIO SALI',4539696,NULL,NULL,NULL,NULL),(882,'JUAN MANUEL','QUINTANA WILDE',43850177,'2002-09-14','RESID. UNIV. HORCO MOLLE CASA 23','YERBA BUENA',4256428,NULL,NULL,NULL,NULL),(883,'LAUREANO','QUIROGA',44742647,'2003-04-12','Bº LOMAS DE TAFI SECTOR 16 MZA 20 CASA 17','TAFI VIEJO',381,NULL,NULL,NULL,NULL),(884,'LUCIANO','SILVESTRI PIZZONI',44751090,'2003-03-25','PJE SALCEDO 244','LULES',4816744,NULL,NULL,NULL,NULL),(885,'ALVARO NAHUEL','SORIA',44658306,'2003-02-14','Bº OESTE II MZA E BLOCK 7 DPTO 5','SAN MIGUEL DE TUCUMAN',4850831,NULL,NULL,NULL,NULL),(886,'MAURO NICOLÁS','VARGAS',44919639,'2003-05-24','PJE SUPERI 2115','SAN MIGUEL DE TUCUMAN',4368208,NULL,NULL,NULL,NULL),(887,'CAROLINA','ALARCON',44658675,'2003-02-11','BOLIVAR 321','TAFI VIEJO',381,NULL,NULL,NULL,NULL),(888,'MAURO NICOLÁS','AVILA',44814230,'2003-06-01','MATHEAU 2497','SAN MIGUEL DE TUCUMAN',381,NULL,NULL,NULL,NULL),(889,'LUCAS JAVIER','BARRIONUEVO',44580574,'2002-11-03','BOLIVIA 3990','SAN MIGUEL DE TUCUMAN',381,NULL,NULL,NULL,NULL),(890,'GUILLERMO EZEQUIEL','CADENAS',44373114,'2002-08-10','ZENON SANTILLAN 3883','SAN MIGUEL DE TUCUMAN',381,NULL,NULL,NULL,NULL),(891,'JULIO CÉSAR','CAJCHAYA SOTELO',44814154,'2003-05-19','DOMINGO MATHEAU 857','SAN MIGUEL DE TUCUMAN',381,NULL,NULL,NULL,NULL),(892,'CELESTE CAROLINA','CARRASCO',43706569,'2002-03-04','PEDRO DE VILLALBA MZA R CASA 16 150','YERBA BUENA',NULL,NULL,NULL,NULL,NULL),(893,'MARIANO OSCAR','CHAILE',44189888,'2002-08-02','Bº CONGRESO MZA F CASA 13','SAN MIGUEL DE TUCUMAN',381,NULL,NULL,NULL,NULL),(894,'FRANCISCO','CORONEL RODRIGUEZ',44658868,'2003-03-18','MAIPU 50','ALDERETES',381,NULL,NULL,NULL,NULL),(895,'PABLO ISAAC','DIAZ ALBERTI',44582370,'2002-12-19','BARRIO 66 VIVIENDAS MZA A CASA 23','SAN MIGUEL DE TUCUMAN',381,NULL,NULL,NULL,NULL),(896,'PAULA LUCIANA','ESCOBAR',44703146,'2003-02-21','DIEGO DE VILLARROEL 494','YERBA BUENA',4317186,NULL,NULL,NULL,NULL),(897,'GUILLERMO TOMÁS','FADDA',44616136,'2002-12-05','FRAY MAMERTO ESQUIU PLANTA ALTA 74','SAN MIGUEL DE TUCUMAN',381,NULL,NULL,NULL,NULL),(898,'LAUTARO','FRIAS',43850165,'2002-08-28','JONÁS SALK 2880','YERBA BUENA',381,NULL,NULL,NULL,NULL),(899,'FABRICIO','GALINA',44477541,'2002-09-20','Bº VIAL II MZA L CASA 3','VILLA CARMELA',381,NULL,NULL,NULL,NULL),(900,'LAUTARO LEONEL','GALLAC',44703054,'2003-02-02','VIAMONTE 2367','SAN MIGUEL DE TUCUMAN',NULL,NULL,NULL,NULL,NULL),(901,'ALAN EXEQUIEL','GALVAN',44476272,'2002-09-28','AYACUCHO 2225','SAN MIGUEL DE TUCUMAN',4209766,NULL,NULL,NULL,NULL),(902,'FRANCISCO ARIEL','GALVAN SUAREZ',44638144,'2003-02-15','Bº SOEME MZA 10 CASA 6','LAS TALITAS',381,NULL,NULL,NULL,NULL),(903,'ALAN IVAN','GUTIERREZ',45184841,'2003-04-05','RAMIREZ DE VELAZCO 2638','SAN MIGUEL DE TUCUMAN',381,NULL,NULL,NULL,NULL),(904,'MÁXIMO GUSTAVO','GUTIERREZ',44374861,'2002-12-04','CONGRESO 1554','SAN MIGUEL DE TUCUMAN',381,NULL,NULL,NULL,NULL),(905,'JUAN IGNACIO','JEREZ',44866454,'2003-05-11','SAN LORENZO PISO 10 DPTO C 1060','SAN MIGUEL DE TUCUMAN',381,NULL,NULL,NULL,NULL),(906,'ENZO TOMAS','LONGHI',44742448,'2003-03-26','LOTE 9 MZA F VILLA JARDIN','EL CADILLAL',4923200,NULL,NULL,NULL,NULL),(907,'VALENTINO','MATAS',44617031,'2002-12-18','ITALIA 3386','SAN MIGUEL DE TUCUMAN',4340219,NULL,NULL,NULL,NULL),(908,'BRAIAN JOSUÉ','MEDRANO',44373651,'2002-08-07','PJE ATAHUALPA 1310','SAN MIGUEL DE TUCUMAN',NULL,NULL,NULL,NULL,NULL),(909,'VALENTINA','MORALES',43965166,'2002-08-29','Bº SAN MARTIN MZA B CASA 22','SAN MIGUEL DE TUCUMAN',155783277,NULL,NULL,NULL,NULL),(910,'JULIÁN IGNACIO','PETRINO',44476244,'2002-10-10','PJE. VICTORIANO DE LA PLAZA 2002','SAN MIGUEL DE TUCUMAN',381,NULL,NULL,NULL,NULL),(911,'LUCIANO NICOLÁS','QUINTEROS',43965298,'2003-06-10','Bº 2 DE SEPTIEMBRE MZA 7 CASA 12','SAN MIGUEL DE TUCUMAN',4317171,NULL,NULL,NULL,NULL),(912,'MIQUEAS NICOLÁS','REYES CRUZ',44716066,'2003-06-13','CHACABUCO 2º PISO DPTO A 427','SAN MIGUEL DE TUCUMAN',381,NULL,NULL,NULL,NULL),(913,'ALEJANDRO JEREMÍAS','RISSO PATRON',44477654,NULL,NULL,NULL,NULL,NULL,NULL,NULL,NULL),(914,'ALVARO JAVIER','SANTILLAN',44031976,'2002-12-05','Bº JURAMENTO MZA A CASA 18','YERBA BUENA',381,NULL,NULL,NULL,NULL),(915,'MÁXIMO AGUSTÍN','SEBALLOS LUNA',44477065,NULL,NULL,NULL,NULL,NULL,NULL,NULL,NULL),(916,'ROLANDO MANUEL','SUAREZ',44189381,'2002-07-11','ESQUIU 473','SAN MIGUEL DE TUCUMAN',381,NULL,NULL,NULL,NULL),(917,'JUAN AGUSTÍN','ALLENDE BOGNANNI',44463484,'2002-09-02','LAMADRID PLANTA BAJA DPTO F 774','SAN MIGUEL DE TUCUMAN',4204934,NULL,NULL,NULL,NULL),(918,'MÁXIMO NICOLÁS','BLUNDA',44741516,'2003-04-06','BARRIO SMATA II MZA I CASA 3','SAN MIGUEL DE TUCUMAN',154195710,NULL,NULL,NULL,NULL),(919,'SANTIAGO','BOCANERA',45061269,NULL,NULL,NULL,NULL,NULL,NULL,NULL,NULL),(920,'SAMUEL','CEBALLOS',44580771,'2002-11-13','RIVADAVIA PISO 7 DPTO A TORRE B 2230','SAN MIGUEL DE TUCUMAN',4274969,NULL,NULL,NULL,NULL),(921,'LUKA TOMÁS','CORREA CÁCERES',44751683,'2003-05-04','LA PLATA 1111','SAN MIGUEL DE TUCUMAN',4276588,NULL,NULL,NULL,NULL),(922,'MATEO EZEQUIEL','COSTILLA',44582299,'2002-12-09','PJE. ANDRES CHAZARRETA 1878','SAN MIGUEL DE TUCUMAN',4271997,NULL,NULL,NULL,NULL),(923,'SAID AGUSTÍN','CURA',44616493,'2002-12-29','PJE ELISEO CONTON 766','SAN MIGUEL DE TUCUMAN',4276661,NULL,NULL,NULL,NULL),(924,'JOSÉ ERNESTO','DIPE',44751611,'2004-05-15','CHACABUCO 1753','SAN MIGUEL DE TUCUMAN',4293340,NULL,NULL,NULL,NULL),(925,'LUCA','FLORES',44476208,'2002-09-15','LIDORO QUINTEROS 801','SAN MIGUEL DE TUCUMAN',4518645,NULL,NULL,NULL,NULL),(926,'GUILLERMO MARTÍN','GARCIA',44186660,'2002-08-01','BOLIVIA 4669','SAN MIGUEL DE TUCUMAN',4347912,NULL,NULL,NULL,NULL),(927,'NAIM MICAEL','GARCIA AMENGUAL',44703676,'2003-02-17','SAN LUIS 1529','YERBA BUENA',4976864,NULL,NULL,NULL,NULL),(928,'JUAN PABLO','GOMEZ SALAS',44189819,'2002-07-17','AV. REPUBLICA DEL LIBANO 1324','SAN MIGUEL DE TUCUMAN',156219728,NULL,NULL,NULL,NULL),(929,'YACO BENJAMÍN','HATIM',44747846,'2003-03-26','MANUEL ALBERTI 327','SAN MIGUEL DE TUCUMAN',4235558,NULL,NULL,NULL,NULL),(930,'GONZALO TOMÁS','LAMAS QUIPILDOR',44477126,'2002-10-29','Bº SEOC MZA M CASA 36','SAN MIGUEL DE TUCUMAN',4364032,NULL,NULL,NULL,NULL),(931,'CARLOS FACUNDO','LÓPEZ',44703136,'2003-03-09','COSTA RICA 76','SAN MIGUEL DE TUCUMAN',4282129,NULL,NULL,NULL,NULL),(932,'MATEO GABRIEL','MAX',44582275,'2002-11-25','PARAGUAY 2920','SAN MIGUEL DE TUCUMAN',4345722,NULL,NULL,NULL,NULL),(933,'GERÓNIMO','MEDINA',45193727,'2003-02-07','MARCOS PAZ 2270','SAN MIGUEL DE TUCUMAN',4238457,NULL,NULL,NULL,NULL),(934,'LEONARDO ANDRÉS','MERCADO',43966565,'2002-08-31','Bº 260 VIVIENDAS MZA II CASA 15','CRUZ ALTA',4553186,NULL,NULL,NULL,NULL),(935,'FEDERICO BLAS','MESURADO MALTEZ',44189339,'2002-07-05','AV. DEL LIBERTADOR 5TA CUADRA','GARCIA FERNANDEZ',4265355,NULL,NULL,NULL,NULL),(936,'TOMÁS','MIOTTI',44477523,'2002-09-09','AMADEUS MOZART 1670','YERBA BUENA',2147483647,NULL,NULL,NULL,NULL),(937,'LAUTARO DANIEL','MUÑOZ',44814377,'2003-03-30','SAN LUIS 1074','SAN MIGUEL DE TUCUMAN',4364009,NULL,NULL,NULL,NULL),(938,'AGUSTÍN IGNACIO','PACHECO',44548636,NULL,NULL,NULL,NULL,NULL,NULL,NULL,NULL),(939,'FRANCO SEBASTIAN','PAEZ',44616093,'2002-12-17','CHACABUCO MZA D CASA 1 4196','SAN MIGUEL DE TUCUMAN',4295979,NULL,NULL,NULL,NULL),(940,'MATÍAS SANTIAGO','PRADO',44658689,'2003-02-14','SANTA FE 2834','SAN MIGUEL DE TUCUMAN',4514524,NULL,NULL,NULL,NULL),(941,'LAUTARO TOMÁS','RIOS',44920903,'2003-06-18','Bº CGT MZA 5 CASA 15','SAN MIGUEL DE TUCUMAN',4299516,NULL,NULL,NULL,NULL),(942,'GABRIEL HERNÁN','RUIZ',44373533,'2002-08-02','Bº ATE MZA 5 LOTE 6','SAN MIGUEL DE TUCUMAN',4391450,NULL,NULL,NULL,NULL),(943,'PAULO BERNABÉ','RUIZ ',44658750,'2003-03-17','Bº JARDIN, PJE (ALT FLORIDA 38)','SAN PABLO',155326408,NULL,NULL,NULL,NULL),(944,'JUAN FRANCO IGNACIO','VILLALVA',44616232,'2002-12-20','PJE. JOHN KENEDY 254','SAN MIGUEL DE TUCUMAN',4290499,NULL,NULL,NULL,NULL),(945,'EDUARDO EZEQUIAS','ZURITA',44328089,'2002-09-18','GRAL. PAZ 1068','SAN MIGUEL DE TUCUMAN',4200388,NULL,NULL,NULL,NULL),(946,'MARIANO AGUSTÍN','GONZALEZ PAEZ',44751557,'2003-04-09','Bº 300 VIVIENDAS MZA H CASA 18','LULES',4813724,NULL,NULL,NULL,NULL),(947,'RODRIGO ANDRES','BALZA',45059476,'2003-09-23','Bº 95 VIV. M: C CASA 2','LAS TALITAS',381,NULL,NULL,NULL,NULL),(948,'LEANDRO ALEJO','BERNARDO',45183115,'2004-01-06','Bº MUTUAL POLICIAL M: 3 C: 6','SAN MIGUEL DE TUCUMAN',4394294,NULL,NULL,NULL,NULL),(949,'LUIS AGUSTIN','CARRIZO',44978490,'2003-08-11','AV REPUBLICA DEL LIBANO _ PLANTA BAJ 1650','SAN MIGUEL DE TUCUMAN',4275566,NULL,NULL,NULL,NULL),(950,'CRISTIAN OMAR','DE ARCOS',45059121,'2003-07-03','Bº LOMAS DEL SALVADOR M: E C: 85','LAS TALITAS',4372385,NULL,NULL,NULL,NULL),(951,'MARCELO','DU PLESSIS',45275735,'2004-05-15','CRISOSTOMO ALVAREZ PISO 2º 3335','SAN MIGUEL DE TUCUMAN',4331497,NULL,NULL,NULL,NULL),(952,'MATIAS SEBASTIAN','ESTOQUIN',45059473,'2003-09-21','PJE VIRREY CEBALLOS 1360','VILLA SANTILLAN',4347034,NULL,NULL,NULL,NULL),(953,'TOMAS EZEQUIEL','FLORES MASMUT',45059466,'2003-09-26','PJE WILLIAMS BLAS ALBERTO 2562','SAN MIGUEL DE TUCUMAN',4343762,NULL,NULL,NULL,NULL),(954,'RAFAEL JOAQUIN','GIJENA',45120179,'2003-10-23','CONSTITUCION 678','SAN MIGUEL DE TUCUMAN',4518354,NULL,NULL,NULL,NULL),(955,'IGNACIO','GODOY',45194668,'2004-03-09','JUJUY 855','SAN MIGUEL DE TUCUMAN',4202977,NULL,NULL,NULL,NULL),(956,'JUAN CRUZ','GOMEZ CORBALAN',45059711,'2003-07-31','Bº SMATA III M: E CASA: 23','SAN MIGUEL DE TUCUMAN',4390969,NULL,NULL,NULL,NULL),(957,'MARIA DE LA PAZ','GONZALEZ FIGUEROA',45127346,'2003-11-24','LA PLATA 2635','SAN MIGUEL DE TUCUMAN',4363884,NULL,NULL,NULL,NULL),(958,'MARTIN EZEQUIEL','JIMENEZ',45273940,'2004-05-18','Bº LOMAS DE TAFI 600 VIV. MZ: 23 CASA: 15','TAFI VIEJO',4611203,NULL,NULL,NULL,NULL),(959,'MATIAS GONZALO','LEAL',45120180,'2003-09-18','CATAMARCA 1129','SAN MIGUEL DE TUCUMAN',381,NULL,NULL,NULL,NULL),(960,'SANTIAGO ESTEBAN','LEDESMA',45232223,'2004-04-01','Bº 40 VIV. M: A C: 12','ALDERETES',4942369,NULL,NULL,NULL,NULL),(961,'JUAN IGNACIO','LIZARRAGA DE FRANCO',45187248,'2004-01-21','ENTRE RIOS 1079','SAN MIGUEL DE TUCUMAN',4242738,NULL,NULL,NULL,NULL),(962,'JOAQUIN JOSE','MANZUR MONTEROS',44979764,'2003-07-25','MARCOS PAZ 4338','SAN MIGUEL DE TUCUMAN',4356751,NULL,NULL,NULL,NULL),(963,'FRANCESCA','MARVEGGIO',49262233,'2003-07-09','CRISOSTOMO ALVAREZ PISO 2º DPTO A 2165','SAN MIGUEL DE TUCUMAN',4236391,NULL,NULL,NULL,NULL),(964,'JUAN AGUSTIN','MAZA ESTRADA',45196775,'2003-12-06','LIDORO QUINTEROS 94','SAN MIGUEL DE TUCUMAN',4239968,NULL,NULL,NULL,NULL),(965,'NAHUEL','PALMA COLLADO',45197563,'2004-03-10','SECTOR 14 M 13 C10 LOMAS DE TAFI','TAFI VIEJO',NULL,NULL,NULL,NULL,NULL),(966,'CRISTIAN ALEJANDRO','PALOMINO',45442852,'2004-05-06','M 4 C 61 SECTOR 11 LOMAS DE TAFI','TAFI VIEJO',3075342,NULL,NULL,NULL,NULL),(967,'LISANDRO','PAUL',45187165,'2004-01-22','Bº APEM M: I CASA 16','SAN MIGUEL DE TUCUMAN',4376735,NULL,NULL,NULL,NULL),(968,'MARTINA AILEN','PEREZ ARMELLA',45119178,'2003-08-20','ALBERDI 616','SAN MIGUEL DE TUCUMAN',4976667,NULL,NULL,NULL,NULL),(969,'IVAN MATIAS','PLATA',45278888,'2004-06-15','AV REPUBLICA DEL LIBANO 1936','SAN MIGUEL DE TUCUMAN',4276056,NULL,NULL,NULL,NULL),(970,'RICARDO MATIAS','RAMIREZ',45126565,'2004-03-05','PJE CABILDO 55','LASTENIA',4264127,NULL,NULL,NULL,NULL),(971,'LUCAS DE LA CRUZ','ROJAS GANAM',45280191,'2004-05-24','CONGRESO 108','BANDA DEL RIO SALI',4378624,NULL,NULL,NULL,NULL),(972,'FRANCO JEREMIAS','SIMON',44978907,'2003-08-31','Bº POLICIAL 4 - M G - C 11','SAN MIGUEL DE TUCUMAN',NULL,NULL,NULL,NULL,NULL),(973,'AGOSTINA EUNICES','TRIGAS',44979899,'2003-09-17','BOLIVAR 2041','SAN MIGUEL DE TUCUMAN',4320880,NULL,NULL,NULL,NULL),(974,'FRANCISCO TOMAS','VARELA',45126250,'2003-12-12','Bº MANANTIAL SUR MZA 11 CASA 3 SECTOR B 81','SAN MIGUEL DE TUCUMAN',NULL,NULL,NULL,NULL,NULL),(975,'LUCIANO ISAIAS','ZOLOHAGA',45275804,'2004-05-14','Bº SEOC M: I CASA 14','SAN MIGUEL DE TUCUMAN',4369008,NULL,NULL,NULL,NULL),(976,'PATRICIO NICOLAS','LENCINA',45195346,'2004-02-24','COLOMBIA 4743','SAN MIGUEL DE TUCUMAN',4344027,NULL,NULL,NULL,NULL),(977,'ERNESTO PHILIPE','ALBACA',45122989,'2003-09-05','PABLO ROJAS PAZ 55',NULL,4353929,NULL,NULL,NULL,NULL),(978,'RICARDO EMANUEL','BARRERA',45060778,'2003-10-07','Bº 600 VIVIENDAS MZA 29 CASA 13','LOMAS DE TAFI',4926238,NULL,NULL,NULL,NULL),(979,'MAURICIO AGUSTIN','BASUALDO',45275885,'2004-05-29','LAVALLE CPTO 6 668','SAN MIGUEL DE TUCUMAN',4245850,NULL,NULL,NULL,NULL),(980,'TOMAS VALENTIN','BRIZUELA',45187485,'2004-02-04','Bº SAN RAMON NONATO MZA B CASA 5','SAN MIGUEL DE TUCUMAN',4295770,NULL,NULL,NULL,NULL),(981,'GINO TOBIAS','CARO PINTO',45060832,'2003-10-16','Bº 24 DE SEPTIEMBRE MZA 3 BLOCK A DPTO 2','SAN MIGUEL DE TUCUMAN',NULL,NULL,NULL,NULL,NULL),(982,'MAXIMO LAUTARO','CORONEL',45274479,'2004-06-04','PJE EINSTEIN 398','SAN MIGUEL DE TUCUMAN',4299013,NULL,NULL,NULL,NULL),(983,'MATIAS NAHUEL','DOMINGUEZ',45195317,'2004-02-22','SECTOR 11 MZA 4 CASA 42','LOMAS DE TAFI',4612704,NULL,NULL,NULL,NULL),(984,'PABLO AUGUSTO','ESPECHE',45232267,'2004-04-12','Bº 284 VIVIENDAS SECTOR X MZA 6 CASA 16',NULL,155602057,NULL,NULL,NULL,NULL),(985,'NAHUEL','GARCIA',45126813,'2003-10-10','PELEGRINI 1820','SAN MIGUEL DE TUCUMAN',4830184,NULL,NULL,NULL,NULL),(986,'AGUSTIN','GODOY',45194667,'2004-03-09','JUJUY 855','SAN MIGUEL DE TUCUMAN',4202977,NULL,NULL,NULL,NULL),(987,'MARTIN EDGARDO','GORINI',45059387,'2003-09-18','BUENOS AIRES 4055','SAN MIGUEL DE TUCUMAN',4295485,NULL,NULL,NULL,NULL),(988,'MARIO EZEQUIEL','GUARDIA',45195639,'2004-03-04','PJE LEON XIII 4000','SAN MIGUEL DE TUCUMAN',153564713,NULL,NULL,NULL,NULL),(989,'GERONIMO','GUTIERREZ',45195318,'2004-02-18','AV. MITRE 2375','LAS TALITAS',4277284,NULL,NULL,NULL,NULL),(990,'RAMIRO AGUSTIN','LUJAN',44967127,'2003-07-17','AV. SILVANO BORES 380 CASA 42','SAN MIGUEL DE TUCUMAN',4226813,NULL,NULL,NULL,NULL),(991,'MIGUEL IGNACIO','MACIAS',44978004,'2003-07-05','25 DE MAYO 1439','SAN MIGUEL DE TUCUMAN',156244876,NULL,NULL,NULL,NULL),(992,'OCTAVIO','MATAS',45330372,'2004-06-23','ITALIA 3386',NULL,4340219,NULL,NULL,NULL,NULL),(993,'FRANCO RAUL','MEDINA',45127223,'2003-12-04','MANUELA PEDRAZA 351','TAFI VIEJO',2147483647,NULL,NULL,NULL,NULL),(994,'JUAN CRUZ','MEDINA VIEIRA',45127144,'2003-11-28','MORENO 1705',NULL,4292318,NULL,NULL,NULL,NULL),(995,'BRAIAN GABRIEL','ORTIZ',45060613,'2003-09-01','PJE MARIA AUXILIADORA 2050','SAN MIGUEL DE TUCUMAN',4274669,NULL,NULL,NULL,NULL),(996,'IGNACIO JEREMIAS','PAEZ',45119998,'2003-10-30','SECTOR 14 , MZA 8 LOTE 2 CASA 13','LOMAS DE TAFI',2147483647,NULL,NULL,NULL,NULL),(997,'ALEX','PEREYRA GIVOGRI',45275872,'2004-06-05','MUÑECAS 486 11B','SAN MIGUEL DE TUCUMAN',154721538,NULL,NULL,NULL,NULL),(998,'JUAN IGNACIO','QUINO',45124692,'2004-05-12','PASAJE USANDIVARAS 85','YERBA BUENA',4353407,NULL,NULL,NULL,NULL),(999,'ADRIEL HERALDO','SANDEZ GUTIERREZ',45120085,'2003-10-13','Bº POLICIAL IV MZA J CASA 8 - ALEM 3200',NULL,4273935,NULL,NULL,NULL,NULL),(1000,'IGNACIO NAHUEL','SILVA ARIAS',44978451,'2003-08-11','Bº LOS ALISOS MZA C1 CASA 2','YERBA BUENA',4255195,NULL,NULL,NULL,NULL),(1001,'RICARDO','SILVA TESEIRA',45184307,'2003-11-28','CRISOSTOMO ALVAREZ 1188','SAN MIGUEL DE TUCUMAN',4306477,NULL,NULL,NULL,NULL),(1002,'DAVID HERNAN','VALDEZ VILLAVICENCIO',45184351,'2003-12-27','RONDEAU 824',NULL,4202324,NULL,NULL,NULL,NULL),(1003,'MARCOS ANTONIO','VAQUERA',45121076,'2003-10-31','PJE PEDRO MEDRANO 418',NULL,1564700387,NULL,NULL,NULL,NULL),(1004,'ALVARO MARTIN','VIZCARRA',45279230,'2004-06-02','Bº LOS FRESNOS','BANDA DEL RIO SALI',4942848,NULL,NULL,NULL,NULL),(1005,'ENZO HERNAN','ANDRADA',44866847,'2003-07-14','RUTA 314 KM 3200- PARADA PACARA, LOS POCITOS','TAFI VIEJO',4927255,NULL,NULL,NULL,NULL),(1006,'JUSTIN IMANOL','ANGLES ANDINA',45062060,'2004-01-17','Bº LOS ALISOS MZA A1 CASA 13','YERBA BUENA',4255187,NULL,NULL,NULL,NULL),(1007,'ENZO','ANTONUCCIO',44978787,'2003-08-17','PJE JOSE ANTONIO GARCIA 1410','SAN MIGUEL DE TUCUMAN',4311470,NULL,NULL,NULL,NULL),(1008,'ENZO DAMIAN','ARAYA MEIJA',45196811,'2004-03-23','BLAS PARERA 935','SAN MIGUEL DE TUCUMAN',4366617,NULL,NULL,NULL,NULL),(1009,'LUKAS MAXIMILIANO','ARIAS',45059222,'2003-08-25','Bº MIGUEL LILLO MZA J CASA 9','SAN MIGUEL DE TUCUMAN',4209672,NULL,NULL,NULL,NULL),(1010,'SANTIAGO EZEQUIEL','AVILA BOUTONET',45195412,'2004-02-25','SUIPACHA 1725','SAN MIGUEL DE TUCUMAN',4275552,NULL,NULL,NULL,NULL),(1011,'MATEO FERNAN','BOLAÑEZ',45704951,'2004-07-01','MUÑECAS 1816','SAN MIGUEL DE TUCUMAN',4274348,NULL,NULL,NULL,NULL),(1012,'TOMAS IGNACIO','CUENCA',45195657,'2004-03-01','Bº PORTAL DE SAN PABLO MZA G CASA 16',NULL,4203366,NULL,NULL,NULL,NULL),(1013,'GUILLERMO EMANUEL','FERNANDEZ',45275700,'2004-04-29','RIVADAVIA 2568','SAN MIGUEL DE TUCUMAN',4270824,NULL,NULL,NULL,NULL),(1014,'MATEO','GRECO',45161255,'2003-08-13','AVDA SIRIA 1688','SAN MIGUEL DE TUCUMAN',4279549,NULL,NULL,NULL,NULL),(1015,'SANTIAGO JOAQUIN','GUCHEA',45232298,'2004-04-02','CHACABUCO 1449','SAN MIGUEL DE TUCUMAN',4291228,NULL,NULL,NULL,NULL),(1016,'RAMIRO','GUERRERO',44815697,'2003-08-05','Bº ATSA MZA L CASA 21','SAN MIGUEL DE TUCUMAN',4859353,NULL,NULL,NULL,NULL),(1017,'AGUSTIN','HOMSI',45120207,'2003-10-25','CORDOBA PISO 3 DPTO A 31','SAN MIGUEL DE TUCUMAN',4306411,NULL,NULL,NULL,NULL),(1018,'GAEL GONZALO','JURADO',45120030,'2003-09-15','PJE FRAY CAYETANO RODRIGUEZ 250','SAN MIGUEL DE TUCUMAN',4359638,NULL,NULL,NULL,NULL),(1019,'ROBERTO BENJAMIN','LAFUENTE',44979852,'2003-08-16','Bº LOS PLATANOS VICENTE GALLO 1801','SAN MIGUEL DE TUCUMAN',4392526,NULL,NULL,NULL,NULL),(1020,'MAURICIO LEONEL','LLANOS',45120093,'2003-10-08','MIGUEL LILLO 86','SAN MIGUEL DE TUCUMAN',4324518,NULL,NULL,NULL,NULL),(1021,'GERMAN GONZALO','MARTIN ALESSANDRI',45119343,'2003-09-03','Bº SOEME MZA 5 CASA 15','LAS TALITAS',4371287,NULL,NULL,NULL,NULL),(1022,'JOAQUIN ALEJANDRO','MEDINA',45280152,'2004-06-18','LAS HERAS 1313','SAN MIGUEL DE TUCUMAN',4299131,NULL,NULL,NULL,NULL),(1023,'FACUNDO','MERCADO JUAREZ',45544887,'2004-02-24','Bº VILLA LAS FLORES- CALLE LAS LILAS MZA A LOTE 14','TAFI VIEJO',4098928,NULL,NULL,NULL,NULL),(1024,'MATEO JOEL','MOYANO GONZALEZ',44979866,'2003-08-17','Bº ODONTOLOGICO MZA R CASA 15','SAN PABLO',4919417,NULL,NULL,NULL,NULL),(1025,'FRANCO EMANUEL','PAEZ',45193247,'2004-02-12','Bº SUTIAGA MZA E CASA 24, CALLE MATIENZO 2200','SAN MIGUEL DE TUCUMAN',4369666,NULL,NULL,NULL,NULL),(1026,'FEDERICO','RIOS VOLENTINI',45187805,'2004-02-18','Bº SAN MARTIN MZA C CASA 17',NULL,4394198,NULL,NULL,NULL,NULL),(1027,'SANTIAGO AGUSTIN','RIVADENEIRA',45247562,'2004-06-20','JOSE HERNANDEZ 910','LAS TALITAS',3211248,NULL,NULL,NULL,NULL),(1028,'HUGO IGNACIO','RODRIGUEZ VAQUERO',45278679,'2004-05-24','LUCAS CORDOBA 1374',NULL,4320947,NULL,NULL,NULL,NULL),(1029,'BENJAMIN AUGUSTO','SANCHEZ',44616504,'2003-07-18','Bº JURAMENTO MZA C CASA I','YERBA BUENA',4254956,NULL,NULL,NULL,NULL),(1030,'LEONEL AGUSTIN','SOSA',45119167,'2004-01-05','Bº ELENA WHITE MZA L LOTE 21','SAN MIGUEL DE TUCUMAN',4390158,NULL,NULL,NULL,NULL),(1031,'FRANCISCO','TEJERIZO',45232405,'2004-01-29','EL SALVADOR, CASA 5 2190','YERBA BUENA',4259398,NULL,NULL,NULL,NULL),(1032,'EZEQUIEL RAFAEL','VILLAGRA PAYES',45118198,'2003-09-23','MZA B LOTE 25- Bº NUEVA CIUDAD, ALDERETES','CRUZ ALTA',4945024,NULL,NULL,NULL,NULL),(1033,'LAUTARO LEONEL','CASTRO',42936678,'2000-08-19','Bª POCITOS EX INGENIO LULES - LULES','LULES',2147483647,NULL,NULL,NULL,NULL),(1034,'FLORENCIA NAOMI','VESQUE',44304459,'2002-09-05','MUÑECAS 1208','SAN MIGUEL DE TUCUMAN',1154986400,NULL,NULL,NULL,NULL),(1035,'LUCAS LEONARDO','ALARCON',45517175,'2005-03-13','PARAGUAY 167','SAN MIGUEL DE TUCUMAN',381,NULL,NULL,NULL,NULL),(1036,'JOSUÉ EZEQUIEL','AMOROSO',45666865,'2005-04-23','Bº CONGRESO MANZ. D CASA B','SAN MIGUEL DE TUCUMAN',381,NULL,NULL,NULL,NULL),(1037,'SOFIA ALEJANDRA','APARICIO',45513143,'2005-01-14','MARTÍN FIERRO 352 - Bº DIAGONAL NORTE','TAFI VIEJO',381,NULL,NULL,NULL,NULL),(1038,'MAURICIO SAMUEL','ARAMAYO VALDIVIEZO',45726239,'2005-06-29','CALLE LAS ROSAS 541 - Bº APEM','LAS TALITAS',381,NULL,NULL,NULL,NULL),(1039,'FACUNDO','ARRIAZU',45196944,'2004-09-17','CARACAS 2484','YERBA BUENA',381,NULL,NULL,NULL,NULL),(1040,'ZAHIRA ABIGAIL','BLASON',45334731,NULL,'NECOCHEA 75','SAN MIGUEL DE TUCUMAN',381,NULL,NULL,NULL,NULL),(1041,'JOSE AUGUSTO','CAJAL ALBORNOZ',45729191,'2005-06-28','Bº 72 VIVIENDAS MZA A CASA 17 MAGALLANES 3200','SAN MIGUEL DE TUCUMAN',381,NULL,NULL,NULL,NULL),(1042,'EMANUEL MATIAS NICOLAS','CARO',45667057,'2005-03-25','PJE. VERA Y ARAGON 2808','SAN MIGUEL DE TUCUMAN',381,NULL,NULL,NULL,NULL),(1043,'GENARO LEONEL','CASAGRANDE ACOBETTRO',45277611,'2004-07-02','PJE. PRINGLES 1446',NULL,381,NULL,NULL,NULL,NULL),(1044,'TIAGO VALENTIN','CHACANA ACENCIO ',45600818,'2005-01-27','JOSÉ HERNANDEZ 1250 TORRE 4 PISO 3 DPTO D','SAN MIGUEL DE TUCUMAN',381,NULL,NULL,NULL,NULL),(1045,'MARTIN','COSTILLA',45668760,'2005-04-15','9 DE JULIO 280 PISO 4','SAN MIGUEL DE TUCUMAN',381,NULL,NULL,NULL,NULL),(1046,'BENJAMIN','FARINA',45335883,'2004-09-18','PJE. VALLEJO 4020 ALT. AV. BELGRANO 4000','SAN MIGUEL DE TUCUMAN',381,NULL,NULL,NULL,NULL),(1047,'FEDERICO NAHUEL','GOMEZ MORFIL',45442978,'2004-11-28','LINCOLN 544','SAN MIGUEL DE TUCUMAN',381,NULL,NULL,NULL,NULL),(1048,'FABRICIO EDUARDO','IBAÑEZ',45513358,'2005-01-31','Bº VIAL I EMILIO CASTELAR 1766',NULL,381,NULL,NULL,NULL,NULL),(1049,'MAXIMILIANO GABRIEL','LENCINA',45196949,'2004-10-07','PJE. JUPITER 139','YERBA BUENA',381,NULL,NULL,NULL,NULL),(1050,'LAUTARO GONZALO','LUNA',46683224,'2005-04-20','PJE. FELIX MOTHE 1927',NULL,381,NULL,NULL,NULL,NULL),(1051,'LUCAS GABRIEL OSMAR','MANCINELLI',45443350,'2004-10-15','LAMADRID 726',NULL,381,NULL,NULL,NULL,NULL),(1052,'LUCAS EXEQUIEL','MARTIN ALESSANDRI',45665546,'2005-04-23','Bº SOEME MZA 5 CASA 15- LAS TALITAS',NULL,381,NULL,NULL,NULL,NULL),(1053,'OLIVER JULIAN','MENESES ANCALLE',94339519,'2005-01-07','Bº COOPERGET MZA B CASA 6',NULL,381,NULL,NULL,NULL,NULL),(1054,'LISANDRO','OLEA',45666823,'2005-05-10','AV. BULNES 1471',NULL,381,NULL,NULL,NULL,NULL),(1055,'MAXIMO SEBASTIAN','OLIVERA',45279992,'2004-09-21','Bº EL ROSARIO LAMADRID 320 - EL MANANTIAL',NULL,381,NULL,NULL,NULL,NULL),(1056,'WALTER GONZALO','PALAVECINO',45666736,'2005-03-21','Bº LOMAS DE TAFI SECTOR 7 MZA 8 CASA 32 - TAFI VIE',NULL,381,NULL,NULL,NULL,NULL),(1057,'MATEO','PARRAS',45443455,'2004-10-25','BUENOS AIRES 464 DPTO 4\t',NULL,381,NULL,NULL,NULL,NULL),(1058,'CELIA ROSARIO','PASTOR',45275090,'2004-09-22','Bº VIAL II MZA D CASA 15 - CEVIL REDONDO - YERBA B',NULL,381,NULL,NULL,NULL,NULL),(1059,'MAXIMO RAMIRO SEBASTIAN','PAVON SALINAS',45331568,'2004-08-07','Bº 45 VIVIENDAS - ALDERETES\t',NULL,381,NULL,NULL,NULL,NULL),(1060,'GONZALO EDUARDO','REINALDI',45517369,'2005-02-17','PJE. GARCIA SORIANO 1442',NULL,381,NULL,NULL,NULL,NULL),(1061,'JEREMIAS BERNABE','ROITMAN',45329334,'2004-07-12','LAPRIDA 530 PISO 6 DPTO B',NULL,381,NULL,NULL,NULL,NULL),(1062,'LUCIANO MARIN','RIGO',45335075,'2005-03-27','Bº APOSTOLES MZA G CASA 2 S/N - LAS TALITAS - TAFI','TAFI VIEJO',381,NULL,NULL,NULL,NULL),(1063,'JUAN JOSE','VERA',45668427,'2005-04-05',NULL,NULL,NULL,NULL,NULL,NULL,NULL),(1064,'LAUTARO FABRICIO','ACOSTA',45443909,'2004-12-14','Bº ATE MZA 11 LOTE 08 ALT. AV. ROCA 3000','SAN MIGUEL DE TUCUMAN',381,NULL,NULL,NULL,NULL),(1065,'LUCIANO YUSEF','ALBACA',45443488,'2004-12-17','Bº OJO DE AGUA PABLO ROJAS PAZ 55','SAN MIGUEL DE TUCUMAN',381,NULL,NULL,NULL,NULL),(1066,'FABRICIO','ALCORTA',45889354,'2005-05-17','RAÚL COLOMBRES 328','SAN MIGUEL DE TUCUMAN',381,NULL,NULL,NULL,NULL),(1067,'FRANCISCO GABRIEL','ANASTASIO SALAS',45280339,'2004-07-03','VENEZUELA 1326','SAN MIGUEL DE TUCUMAN',381,NULL,NULL,NULL,NULL),(1068,'KIMEI','BERTA UNGHERINI',45332028,'2004-07-07','Bº LOMAS DE TAFI SECTOR 9 MZA 6 CASA 20','TAFI VIEJO',381,NULL,NULL,NULL,NULL),(1069,'HERNAN MATIAS','CHOCOBAR',45185269,'2004-06-06','PJE. SAN FRANCISCO DE ASÍS 290','SAN MIGUEL DE TUCUMAN',381,NULL,NULL,NULL,NULL),(1070,'MAXIMO SEBASTIAN','CONCHA CATALAN',45510975,'2005-01-25','ASUNCIÓN 2379','SAN MIGUEL DE TUCUMAN',381,NULL,NULL,NULL,NULL),(1071,'LUCAS JOAQUIN','CUELLAR',45517289,'2005-03-15','Bº OJO DE AGUA PABLO ROJAS PAZ 371',NULL,381,NULL,NULL,NULL,NULL),(1072,'SERGIO EMMANUEL','FERNANDEZ',45440790,'2004-12-23','PATRICIAS ARGENTINAS 167 - VILLA LUJÁN','SAN MIGUEL DE TUCUMAN',381,NULL,NULL,NULL,NULL),(1073,'BAUTISTA','FERRARI OSADO',45330763,'2004-07-26','MARCOS PAZ 166 PISO 5 DPTO B','SAN MIGUEL DE TUCUMAN',381,NULL,NULL,NULL,NULL),(1074,'LAUTARO DANIEL','FIGUEROA',45668794,'2005-04-21','Bº PORTAL DE SAN PABLO MZA B CASA C1',NULL,381,NULL,NULL,NULL,NULL),(1075,'IAN LISANDRO','FRASSA',45666831,'2005-05-10','PJE. MONSEÑOR D´ANDREA 3472 - VILLA LUJÁN',NULL,381,NULL,NULL,NULL,NULL),(1076,'JOAQUIN','GALINDO',45439873,'2004-11-09','AV. SIRIA 1432',NULL,381,NULL,NULL,NULL,NULL),(1077,'LUCA','GARCIA',45332925,'2004-08-04','Bº 76 VIVIENDAS MZA M CASA 11',NULL,381,NULL,NULL,NULL,NULL),(1078,'FABRIZIO SERGIO','GUEVARA GALIANO',45665374,'2005-03-28','CRISOSTOMO ALVAREZ 1710',NULL,381,NULL,NULL,NULL,NULL),(1079,'SANTIAGO AGUSTIN','HERRERA',45668819,'2005-05-05','CONGRESO 856 PISO 4 DEPTO B',NULL,381,NULL,NULL,NULL,NULL),(1080,'HUGO JOSE','IEUGENIUK SAL',45725741,'2005-06-11','PJE. ZENÓN SANTILLÁN 860',NULL,381,NULL,NULL,NULL,NULL),(1081,'MATIAS NAHUEL','JAIME',45670981,'2005-06-26','REPÚBLICA 227 - LASTENIA',NULL,381,NULL,NULL,NULL,NULL),(1082,'LUCAS JOAQUIN','LEZCANO DIAZ',45439756,'2004-11-01','Bº 210 VIVIENDAS MZA A CASA 29 - SAN ANDRÉS, CRUZ',NULL,381,NULL,NULL,NULL,NULL),(1083,'MATEO MARCELO','MANCA',45208402,NULL,NULL,NULL,NULL,NULL,NULL,NULL,NULL),(1084,'GERMAN','NIEVA CAROL',45440650,'2004-09-29','SAN LORENZO 1973',NULL,381,NULL,NULL,NULL,NULL),(1085,'JOSE MARIA','ORLANDO',44675725,'2005-02-17','Bº LAS ROSAS II LOTE 7 MZA C',NULL,3212540,NULL,NULL,NULL,NULL),(1086,'NAHUEL','PASTERIS',45330719,'2004-07-19','LAVAISSE 1869',NULL,381,NULL,NULL,NULL,NULL),(1087,'LAUTARO GABRIEL','PONCE',45443204,'2004-12-07','Bº UPCN 125 VIVIENDAS MZA F CASA 9 - LOS AGUIRRES',NULL,381,NULL,NULL,NULL,NULL),(1088,'GERARDO NAHUEL','QUINTERO VILLALBA',45766332,'2005-01-04','LAS PIEDRAS 537 PISO 1º DPTO A',NULL,381,NULL,NULL,NULL,NULL),(1089,'SANTIAGO','QUIROGA',45440748,'2004-11-04','Bº LOMAS DE TAFÍ- SECTOR 16 MZA 20 CASA 17',NULL,381,NULL,NULL,NULL,NULL),(1090,'JOSE NICOLAS','RODRIGUEZ LOPEZ',45668766,'2005-04-30','ALBERDI 723',NULL,381,NULL,NULL,NULL,NULL),(1091,'LAUTARO','VEGA DEL RIO',45725736,'2005-06-06','Bº SAN FELIPE- GRAL SAVIO 848',NULL,381,NULL,NULL,NULL,NULL),(1092,'JOSE IGNACIO','WAGNER',47103672,'2004-08-04','LAPRIDA 871',NULL,381,NULL,NULL,NULL,NULL),(1093,'JUAN PABLO','ALMARAZ SINTORA',45438184,'2004-10-04','PJE. MARTIN FIERRO 604 - EL MANANTIAL',NULL,381,NULL,NULL,NULL,NULL),(1094,'SANTIAGO','APUD',45513433,'2005-01-15','SUIPACHA 284',NULL,381,NULL,NULL,NULL,NULL),(1095,'LAUTARO NICOLAS','BANEGAS',45517089,'2005-02-21','Bº SEOC III MZA I CASA 15 ALT. AV. JUAN B. JUSTO 2',NULL,381,NULL,NULL,NULL,NULL),(1096,'MARCOS','BAZAN',45514984,'2005-01-29','Bº LAS AMÉRICAS MZA K CASA 19',NULL,381,NULL,NULL,NULL,NULL),(1097,'LUCIANO','CONTRERAS',45670081,'2005-04-16','Bº MIGUEL LILLO MZA I LOTE 15',NULL,381,NULL,NULL,NULL,NULL),(1098,'OCTAVIO VALENTIN','DI ASCENZO',45729295,'2005-05-09','Bº 210 VIVIENDAS MZA J CASA 5- SAN ANDRÉS',NULL,381,NULL,NULL,NULL,NULL),(1099,'LUCIANO','DURAN',45517440,'2005-02-16','Bº MIRADOR DE SCHOENSTAT MZA O CASA 8',NULL,381,NULL,NULL,NULL,NULL),(1100,'SANTIAGO OSCAR','FARA',45334670,'2004-08-25','Bº SAN MARTIN MZA D CASA 8',NULL,381,NULL,NULL,NULL,NULL),(1101,'SEBASTIAN','FERRARI OSADO',45330762,'2004-07-26','MARCOS PAZ 166 5º B','SAN MIGUEL DE TUCUMAN',381,NULL,NULL,NULL,NULL),(1102,'MATEO EVARISTO','FORCHETTI',45335887,'2004-09-21','ESTEBAN ECHEVERRIA 146',NULL,381,NULL,NULL,NULL,NULL),(1103,'ALEJANDRO MAXIMILIANO','FRIAS',45512414,'2004-12-22','Bº LAS MALVINAS LOTE 12 MZA B - ALDERETES',NULL,381,NULL,NULL,NULL,NULL),(1104,'MOISES','FUENTES MALDONADO',45275544,'2004-05-13','PJE. ANCHORENA 3372 - VILLA LUJAN',NULL,381,NULL,NULL,NULL,NULL),(1105,'MARCOS ALEXIS','GUTIERREZ NUÑEZ',45440761,'2004-11-18','Bº SUTIAGA MZA B CASA 32 S/N',NULL,381,NULL,NULL,NULL,NULL),(1106,'LEANDRO NICOLAS','JEREZ',45443734,'2005-01-27','Bº CGT MZA K CASA 9 - TAFI VIEJO',NULL,381,NULL,NULL,NULL,NULL),(1107,'NEHEMIAS MOISES','JOTTAR',45513394,'2005-02-25','PJE. JOSÉ MARMÓL 536 ALT. 9 DE JULIO 2100',NULL,381,NULL,NULL,NULL,NULL),(1108,'LEANDRO AGUSTIN','LENCINA BENEDETTI',45516979,'2005-03-26','Bº LOMAS DE TAFI SECTOR 8 MZA 1 LOTE 1 DUPLEX 9',NULL,381,NULL,NULL,NULL,NULL),(1109,'ROCIO AGUSTINA','LUQUE',45440724,'2004-11-24','Bº LOS CERROS BULNES 399 TORRE A',NULL,381,NULL,NULL,NULL,NULL),(1110,'CAMILA GABRIEL','MASMUD',45277676,'2004-07-05','CORONEL ZELAYA 1960',NULL,381,NULL,NULL,NULL,NULL),(1111,'MAXIMO','MONTENEGRO GONZALEZ',45443697,'2005-01-17','CATAMARCA 1056 - TAFI VIEJO',NULL,3073239,NULL,NULL,NULL,NULL),(1112,'SANTIAGO JEREMIAS','NIEVA',45438922,'2004-10-22','25 DE MAYO 617 - BELLA VISTA - LEALES',NULL,381,NULL,NULL,NULL,NULL),(1113,'MILTON GABRIEL','OLVEIRA',45335299,NULL,NULL,NULL,NULL,NULL,NULL,NULL,NULL),(1114,'AGUSTIN RUBEN','ORELLANA',45334992,'2004-11-15','Bº LOMAS DE TAFI SECTOR 8 MZA 2 CASA 20',NULL,381,NULL,NULL,NULL,NULL),(1115,'IGNACIO EXEQUIEL','ORTIZ',45725073,'2005-05-28','Bº EL COLMENAR PEDRO RIERA 266',NULL,381,NULL,NULL,NULL,NULL),(1116,'FACUNDO','PINTOS CARBONELL',45440368,'2005-03-22','PERU 858 - YERBA BUENA',NULL,381,NULL,NULL,NULL,NULL),(1117,'FLORENCIA LUCIA','PIRINI',45515120,'2005-03-12','Bº 2 DE SEPTIEMBRE PJE. S/N 599',NULL,381,NULL,NULL,NULL,NULL),(1118,'SANTIAGO','RAMOS OLIVERA',45333041,'2004-08-26','SANTO DOMINGO 163','YERBA BUENA',381,NULL,NULL,NULL,NULL),(1119,'LUCIO FACUNDO','RUIZ',45443812,'2004-12-20','PJE. FLORIDA 36 - Bº JARDIN','SAN PABLO',381,NULL,NULL,NULL,NULL),(1120,'MAXIMO JOAQUIN','SANCHEZ',45849484,'2004-12-02','RUFINO COSSIO 96',NULL,381,NULL,NULL,NULL,NULL),(1121,'IGNACIO','VELIZ',45725597,'2005-05-16','Bº FLORESTA CORONEL ZELAYA 126',NULL,381,NULL,NULL,NULL,NULL),(1122,'SOLANA','ARCIDIACONO',44640398,'2003-02-19','Bº CONGRESO MZNA \"M\" CASA 26','SAN MIGUEL DE TUCUMAN',4348021,NULL,NULL,NULL,NULL);

#
# Structure for table "carreras"
#

CREATE TABLE `carreras` (
  `idCarreras` int(10) unsigned NOT NULL AUTO_INCREMENT,
  `Nombre` varchar(45) DEFAULT NULL,
  `Estado` enum('ACTIVA',' INACTIVA') NOT NULL DEFAULT 'ACTIVA',
  PRIMARY KEY (`idCarreras`)
) ENGINE=InnoDB AUTO_INCREMENT=5 DEFAULT CHARSET=utf8;

#
# Data for table "carreras"
#

INSERT INTO `carreras` VALUES (1,'CICLO BASICO','ACTIVA'),(2,'MAESTRO MAYOR DE OBRA','ACTIVA'),(3,'TECNICO MECANICO ELECTRICISTA','ACTIVA'),(4,'SIN CURSO',' INACTIVA');

#
# Structure for table "asignaturas"
#

CREATE TABLE `asignaturas` (
  `idAsignaturas` int(10) unsigned NOT NULL AUTO_INCREMENT,
  `Materia` varchar(45) DEFAULT NULL,
  `Tipo` enum('OBLIGATORIA','EXIMIBLE') DEFAULT NULL,
  `idCarreras` int(10) unsigned NOT NULL,
  `Estado` enum('ACTIVA','INACTIVA') NOT NULL DEFAULT 'ACTIVA',
  PRIMARY KEY (`idAsignaturas`),
  KEY `fk_Asignaturas_Carreras1_idx` (`idCarreras`),
  CONSTRAINT `fk_Asignaturas_Carreras1` FOREIGN KEY (`idCarreras`) REFERENCES `carreras` (`idCarreras`) ON DELETE NO ACTION ON UPDATE NO ACTION
) ENGINE=InnoDB AUTO_INCREMENT=139 DEFAULT CHARSET=utf8;

#
# Data for table "asignaturas"
#

INSERT INTO `asignaturas` VALUES (1,'LENGUA I','OBLIGATORIA',1,'ACTIVA'),(2,'INGLES I','EXIMIBLE',1,'ACTIVA'),(3,'EDUCACION ARTISTICA I','EXIMIBLE',1,'ACTIVA'),(4,'HISTORIA I','EXIMIBLE',1,'ACTIVA'),(5,'GEOGRAFIA I','EXIMIBLE',1,'ACTIVA'),(6,'EDUCACION FISICA I','EXIMIBLE',1,'ACTIVA'),(7,'TUTORIA I','EXIMIBLE',1,'ACTIVA'),(8,'MATEMATICA I','OBLIGATORIA',1,'ACTIVA'),(9,'GEOMETRIA I','EXIMIBLE',1,'ACTIVA'),(10,'BIOLOGIA I','EXIMIBLE',1,'ACTIVA'),(11,'SISTEMA DE REPRESENTACION I','EXIMIBLE',1,'ACTIVA'),(12,'INFORMATICA I','EXIMIBLE',1,'ACTIVA'),(13,'TALLER CARPINTERIA','EXIMIBLE',1,'ACTIVA'),(14,'LENGUA II','OBLIGATORIA',1,'ACTIVA'),(15,'INGLES II','EXIMIBLE',1,'ACTIVA'),(16,'EDUCACION ARTISTICA II','EXIMIBLE',1,'ACTIVA'),(17,'HISTORIA II','EXIMIBLE',1,'ACTIVA'),(18,'GEOGRAFIA II','EXIMIBLE',1,'ACTIVA'),(19,'EDUCACION FISICA II','EXIMIBLE',1,'ACTIVA'),(20,'TUTORIA II','EXIMIBLE',1,'ACTIVA'),(21,'MATEMATICA II','OBLIGATORIA',1,'ACTIVA'),(22,'GEOMETRIA II','EXIMIBLE',1,'ACTIVA'),(23,'BIOLOGIA II','EXIMIBLE',1,'ACTIVA'),(24,'QUIMICA I','EXIMIBLE',1,'ACTIVA'),(25,'SISTEMAS DE REPERESENTACION II','EXIMIBLE',1,'ACTIVA'),(26,'INFORMATICA II','EXIMIBLE',1,'ACTIVA'),(27,'TALLER HERRERIA Y HOJALATERIA','EXIMIBLE',1,'ACTIVA'),(28,'LENGUA III','OBLIGATORIA',1,'ACTIVA'),(29,'INGLES III','EXIMIBLE',1,'ACTIVA'),(30,'EDUCACION ARTISTICA III','EXIMIBLE',1,'ACTIVA'),(31,'HISTORIA III','EXIMIBLE',1,'ACTIVA'),(32,'GEOGRAFIA III','EXIMIBLE',1,'ACTIVA'),(33,'EDUCACION FISICA III','EXIMIBLE',1,'ACTIVA'),(34,'TUTORIA III','EXIMIBLE',1,'ACTIVA'),(35,'MATEMATICA III','OBLIGATORIA',1,'ACTIVA'),(36,'GEOMETRIA III','EXIMIBLE',1,'ACTIVA'),(37,'BIOLOGIA III','EXIMIBLE',1,'ACTIVA'),(38,'QUIMICA II','EXIMIBLE',1,'ACTIVA'),(39,'FISICA I','EXIMIBLE',1,'ACTIVA'),(40,'SISTEMAS DE REPRESENTACION III','EXIMIBLE',1,'ACTIVA'),(41,'INFORMATICA III','EXIMIBLE',1,'ACTIVA'),(42,'TALLER AJUSTE Y MODELOS','EXIMIBLE',1,'ACTIVA'),(43,'LENGUA Y LITERATURA I','OBLIGATORIA',2,'ACTIVA'),(44,'INGLES IV','EXIMIBLE',2,'ACTIVA'),(45,'HISTORIA IV','EXIMIBLE',2,'ACTIVA'),(46,'GEOGRAFIA IV','EXIMIBLE',2,'ACTIVA'),(47,'EDUCACION FISICA IV','EXIMIBLE',2,'ACTIVA'),(48,'TUTORIA IV','EXIMIBLE',2,'ACTIVA'),(49,'MATEMATICA IV','OBLIGATORIA',2,'ACTIVA'),(50,'FISICA II','OBLIGATORIA',2,'ACTIVA'),(51,'QUIMICA III','EXIMIBLE',2,'ACTIVA'),(52,'HIGIENE Y SEGURIDAD','EXIMIBLE',2,'ACTIVA'),(53,'TECNOLOGIA DE LOS MATERIALES','EXIMIBLE',2,'ACTIVA'),(54,'ESTATICA','OBLIGATORIA',2,'ACTIVA'),(55,'DIBUJO DE CONSTRUCCIONES I','EXIMIBLE',2,'ACTIVA'),(56,'TALLER CARPINTERIA DE OBRA','EXIMIBLE',2,'ACTIVA'),(57,'LENGUA Y LITERATURA II','OBLIGATORIA',2,'ACTIVA'),(58,'INGLES V','EXIMIBLE',2,'ACTIVA'),(59,'ECONOMIA Y GESTION','EXIMIBLE',2,'ACTIVA'),(60,'FORMACION ETICA Y CIUDADANA','EXIMIBLE',2,'ACTIVA'),(61,'EDUCACION FISICA V','EXIMIBLE',2,'ACTIVA'),(62,'TUTORIA V','EXIMIBLE',2,'ACTIVA'),(63,'MATEMATICA V','OBLIGATORIA',2,'ACTIVA'),(64,'RESISTENCIA DE LOS MATERIALES','OBLIGATORIA',2,'ACTIVA'),(65,'ACONDICIONAMIENTO FISICO I','OBLIGATORIA',2,'ACTIVA'),(66,'DIBUJO DE CONSTRUCCIONES II','EXIMIBLE',2,'ACTIVA'),(67,'EQUIPOS DE CONSTRUCCIONES','EXIMIBLE',2,'ACTIVA'),(68,'TECNOLOGIA DE CONTROL','EXIMIBLE',2,'ACTIVA'),(69,'TALLER CONSTRUCCIONES I','EXIMIBLE',2,'ACTIVA'),(70,'EDUCACION FISICA VI','EXIMIBLE',2,'ACTIVA'),(71,'TUTORIA VI','EXIMIBLE',2,'ACTIVA'),(72,'PROYECTO DE CONSTRUCCIONES I','EXIMIBLE',2,'ACTIVA'),(73,'PROCEDIMIENTOS CONSTRUCTIVOS','OBLIGATORIA',2,'ACTIVA'),(74,'TOPOGRAFIA','OBLIGATORIA',2,'ACTIVA'),(75,'ESTRUCTURAS DE HIERRO Y MADERA','OBLIGATORIA',2,'ACTIVA'),(76,'ESTRUCTURAS DE HORMIGON ARMADO','OBLIGATORIA',2,'ACTIVA'),(77,'ACONDICIONAMIENTO FISICO II','OBLIGATORIA',2,'ACTIVA'),(78,'TALLER CONSTRUCCIONES II','EXIMIBLE',2,'ACTIVA'),(79,'MARCO JURIDICO','EXIMIBLE',2,'ACTIVA'),(80,'EDUCACION FISICA VII','EXIMIBLE',2,'ACTIVA'),(81,'TUTORIA VII','EXIMIBLE',2,'ACTIVA'),(82,'PROYECTO DE CONSTRUCCIONES II','EXIMIBLE',2,'ACTIVA'),(83,'OBRAS HIDRAULICAS Y VIALES','OBLIGATORIA',2,'ACTIVA'),(84,'ESTRUCTURAS ESPECIALES','OBLIGATORIA',2,'ACTIVA'),(85,'ACONDICIONAMIENTO FISICO III','OBLIGATORIA',2,'ACTIVA'),(86,'ORGANIZACION DE OBRAS','OBLIGATORIA',2,'ACTIVA'),(87,'TALLER DE CONSTRUCCIONES III','EXIMIBLE',2,'ACTIVA'),(88,'LENGUA Y LITERATURA I','OBLIGATORIA',3,'ACTIVA'),(89,'INGLES IV','EXIMIBLE',3,'ACTIVA'),(90,'HISTORIA IV','EXIMIBLE',3,'ACTIVA'),(91,'GEOGRAFIA IV','EXIMIBLE',3,'ACTIVA'),(92,'EDUCACION FISICA IV','EXIMIBLE',3,'ACTIVA'),(93,'TUTORIA IV','EXIMIBLE',3,'ACTIVA'),(94,'MATEMATICA IV','OBLIGATORIA',3,'ACTIVA'),(95,'QUIMICA III','EXIMIBLE',3,'ACTIVA'),(96,'FISICA II','OBLIGATORIA',3,'ACTIVA'),(97,'ESTATICA','OBLIGATORIA',3,'ACTIVA'),(98,'TECNOLOGIA MECANICA','OBLIGATORIA',3,'ACTIVA'),(99,'HIGIENE Y SEGURIDAD INDUSTRIAL','EXIMIBLE',3,'ACTIVA'),(100,'DIBUJO DE MAQUINAS I','EXIMIBLE',3,'ACTIVA'),(101,'TALLER DE MAQUINAS HERRAMIENTAS','EXIMIBLE',3,'ACTIVA'),(102,'LENGUA Y LITERATURA II','OBLIGATORIA',3,'ACTIVA'),(103,'INGLES V','EXIMIBLE',3,'ACTIVA'),(104,'FORMACION ETICA Y CIUDADANA','EXIMIBLE',3,'ACTIVA'),(105,'EDUCACION FISICA V','EXIMIBLE',3,'ACTIVA'),(106,'TUTORIA V','EXIMIBLE',3,'ACTIVA'),(107,'MATEMATICA V','OBLIGATORIA',3,'ACTIVA'),(108,'RESIST. DE LOS MAT. Y ENSAYOS','OBLIGATORIA',3,'ACTIVA'),(109,'ELECTROTECNIA I','OBLIGATORIA',3,'ACTIVA'),(110,'MECANICA TECNICA','OBLIGATORIA',3,'ACTIVA'),(111,'DIBUJO DE MAQUINAS II','EXIMIBLE',3,'ACTIVA'),(112,'MAQUINAS TERMICAS I','OBLIGATORIA',3,'ACTIVA'),(113,'TALLER DE ELECTRICIDAD I','EXIMIBLE',3,'ACTIVA'),(114,'TALLER DE MECANICA I','EXIMIBLE',3,'ACTIVA'),(115,'TALLER DE FUNDICION','EXIMIBLE',3,'ACTIVA'),(116,'EDUCACION FISICA VI','EXIMIBLE',3,'ACTIVA'),(117,'TUTORIA VI','EXIMIBLE',3,'ACTIVA'),(118,'ELECTROTECNIA II','OBLIGATORIA',3,'ACTIVA'),(119,'ELECTRONICA','EXIMIBLE',3,'ACTIVA'),(120,'INSTALACIONES ELECTRICAS','EXIMIBLE',3,'ACTIVA'),(121,'MAQUINAS HIDRAULICAS','OBLIGATORIA',3,'ACTIVA'),(122,'ELEMENTOS DE MAQUINAS','OBLIGATORIA',3,'ACTIVA'),(123,'MAQUINAS TERMICAS II','OBLIGATORIA',3,'ACTIVA'),(124,'PROYECTO ELECTROMECANICO I','EXIMIBLE',3,'ACTIVA'),(125,'TALLER DE ELECTRICIDAD II','EXIMIBLE',3,'ACTIVA'),(126,'TALLER DE MECANICA II','EXIMIBLE',3,'ACTIVA'),(127,'GESTION Y ECONOMIA','EXIMIBLE',3,'ACTIVA'),(128,'MARCO JURIDICO','EXIMIBLE',3,'ACTIVA'),(129,'EDUCACION FISICA VII','EXIMIBLE',3,'ACTIVA'),(130,'TUTORIA VII','EXIMIBLE',3,'ACTIVA'),(131,'MAQUINAS ELECTRICAS','OBLIGATORIA',3,'ACTIVA'),(132,'INSTRUMENTOS Y CONTROL','EXIMIBLE',3,'ACTIVA'),(133,'MAQUINAS DE TRANSPORTE','OBLIGATORIA',3,'ACTIVA'),(134,'MAQUINAS TERMICAS III','OBLIGATORIA',3,'ACTIVA'),(135,'PROYECTO ELECTROMECANICO II','EXIMIBLE',3,'ACTIVA'),(136,'TALLER DE ELECTRICIDAD III','EXIMIBLE',3,'ACTIVA'),(137,'TALLER DE MECANICA III','EXIMIBLE',3,'ACTIVA'),(138,'MATERIA NUEVA DE CONSTRUCCION','OBLIGATORIA',2,'ACTIVA');

#
# Structure for table "asignaturas_tienen_correlativas"
#

CREATE TABLE `asignaturas_tienen_correlativas` (
  `idAsignaturas` int(10) unsigned NOT NULL,
  `idAsignaturasc` int(10) unsigned NOT NULL,
  `Condicion_Examen` enum('APROBADA','REGULAR') DEFAULT NULL,
  `Condicion_Cursado` enum('APROBADA','REGULAR') DEFAULT NULL,
  PRIMARY KEY (`idAsignaturas`,`idAsignaturasc`),
  KEY `fk_Asignaturas_has_Asignaturas_Asignaturas2_idx` (`idAsignaturasc`),
  KEY `fk_Asignaturas_has_Asignaturas_Asignaturas1_idx` (`idAsignaturas`),
  CONSTRAINT `fk_Asignaturas_has_Asignaturas_Asignaturas1` FOREIGN KEY (`idAsignaturas`) REFERENCES `asignaturas` (`idAsignaturas`) ON DELETE NO ACTION ON UPDATE NO ACTION,
  CONSTRAINT `fk_Asignaturas_has_Asignaturas_Asignaturas2` FOREIGN KEY (`idAsignaturasc`) REFERENCES `asignaturas` (`idAsignaturas`) ON DELETE NO ACTION ON UPDATE NO ACTION
) ENGINE=InnoDB DEFAULT CHARSET=utf8;

#
# Data for table "asignaturas_tienen_correlativas"
#


#
# Structure for table "cursos"
#

CREATE TABLE `cursos` (
  `idCursos` int(10) unsigned NOT NULL AUTO_INCREMENT,
  `Numero` varchar(45) DEFAULT NULL,
  `idCarreras` int(10) unsigned NOT NULL,
  PRIMARY KEY (`idCursos`),
  KEY `fk_Cursos_Carreras1_idx` (`idCarreras`),
  CONSTRAINT `fk_Cursos_Carreras1` FOREIGN KEY (`idCarreras`) REFERENCES `carreras` (`idCarreras`) ON DELETE NO ACTION ON UPDATE NO ACTION
) ENGINE=InnoDB AUTO_INCREMENT=27 DEFAULT CHARSET=utf8;

#
# Data for table "cursos"
#

INSERT INTO `cursos` VALUES (1,'1º A',1),(2,'1º B',1),(3,'1ºC',1),(4,'2º A',1),(5,'2º B',1),(6,'2º C',1),(7,'3º A',1),(8,'3º B',1),(9,'3º C',1),(10,'4º A',2),(11,'4º B',2),(12,'5º A',2),(13,'5º B',2),(14,'6º A',2),(15,'6º B',2),(16,'7º A',2),(17,'7º B',2),(18,'4º A',3),(19,'4º B',3),(20,'5º A',3),(21,'5º B',3),(22,'6º A',3),(23,'6º B',3),(24,'7º A',3),(25,'7º B',3),(26,'Sin curso',4);

#
# Structure for table "cursos_tienen_asignaturas"
#

CREATE TABLE `cursos_tienen_asignaturas` (
  `idCursos` int(10) unsigned NOT NULL,
  `idAsignaturas` int(10) unsigned NOT NULL,
  PRIMARY KEY (`idCursos`,`idAsignaturas`),
  KEY `fk_Cursos_has_Asignaturas_Asignaturas1_idx` (`idAsignaturas`),
  KEY `fk_Cursos_has_Asignaturas_Cursos1_idx` (`idCursos`),
  CONSTRAINT `fk_Cursos_has_Asignaturas_Asignaturas1` FOREIGN KEY (`idAsignaturas`) REFERENCES `asignaturas` (`idAsignaturas`) ON DELETE NO ACTION ON UPDATE NO ACTION,
  CONSTRAINT `fk_Cursos_has_Asignaturas_Cursos1` FOREIGN KEY (`idCursos`) REFERENCES `cursos` (`idCursos`) ON DELETE NO ACTION ON UPDATE NO ACTION
) ENGINE=InnoDB DEFAULT CHARSET=utf8;

#
# Data for table "cursos_tienen_asignaturas"
#

INSERT INTO `cursos_tienen_asignaturas` VALUES (1,1),(1,2),(1,3),(1,4),(1,5),(1,6),(1,7),(1,8),(1,9),(1,10),(1,11),(1,12),(1,13),(2,1),(2,2),(2,3),(2,4),(2,5),(2,6),(2,7),(2,8),(2,9),(2,10),(2,11),(2,12),(2,13),(3,1),(3,2),(3,3),(3,4),(3,5),(3,6),(3,7),(3,8),(3,9),(3,10),(3,11),(3,12),(3,13),(4,14),(4,15),(4,16),(4,17),(4,18),(4,19),(4,20),(4,21),(4,22),(4,23),(4,24),(4,25),(4,26),(4,27),(5,14),(5,15),(5,16),(5,17),(5,18),(5,19),(5,20),(5,21),(5,22),(5,23),(5,24),(5,25),(5,26),(5,27),(6,14),(6,15),(6,16),(6,17),(6,18),(6,19),(6,20),(6,21),(6,22),(6,23),(6,24),(6,25),(6,26),(6,27),(7,28),(7,29),(7,30),(7,31),(7,32),(7,33),(7,34),(7,35),(7,36),(7,37),(7,38),(7,39),(7,40),(7,41),(7,42),(8,28),(8,29),(8,30),(8,31),(8,32),(8,33),(8,34),(8,35),(8,36),(8,37),(8,38),(8,39),(8,40),(8,41),(8,42),(9,28),(9,29),(9,30),(9,31),(9,32),(9,33),(9,34),(9,35),(9,36),(9,37),(9,38),(9,39),(9,40),(9,41),(9,42),(10,43),(10,44),(10,45),(10,46),(10,47),(10,48),(10,49),(10,50),(10,51),(10,52),(10,53),(10,54),(10,55),(10,56),(11,43),(11,44),(11,45),(11,46),(11,47),(11,48),(11,49),(11,50),(11,51),(11,52),(11,53),(11,54),(11,55),(11,56),(12,57),(12,58),(12,59),(12,60),(12,61),(12,62),(12,63),(12,64),(12,65),(12,66),(12,67),(12,68),(12,69),(13,57),(13,58),(13,59),(13,60),(13,61),(13,62),(13,63),(13,64),(13,65),(13,66),(13,67),(13,68),(13,69),(14,70),(14,71),(14,72),(14,73),(14,74),(14,75),(14,76),(14,77),(14,78),(15,70),(15,71),(15,72),(15,73),(15,74),(15,75),(15,76),(15,77),(15,78),(16,79),(16,80),(16,81),(16,82),(16,83),(16,84),(16,85),(16,86),(16,87),(17,79),(17,80),(17,81),(17,82),(17,83),(17,84),(17,85),(17,86),(17,87),(18,88),(18,89),(18,90),(18,91),(18,92),(18,93),(18,94),(18,95),(18,96),(18,97),(18,98),(18,99),(18,100),(18,101),(19,88),(19,89),(19,90),(19,91),(19,92),(19,93),(19,94),(19,95),(19,96),(19,97),(19,98),(19,99),(19,100),(19,101),(20,102),(20,103),(20,104),(20,105),(20,106),(20,107),(20,108),(20,109),(20,110),(20,111),(20,112),(20,113),(20,114),(20,115),(21,102),(21,103),(21,104),(21,105),(21,106),(21,107),(21,108),(21,109),(21,110),(21,111),(21,112),(21,113),(21,114),(21,115),(22,116),(22,117),(22,118),(22,119),(22,120),(22,121),(22,122),(22,123),(22,124),(22,125),(22,126),(23,116),(23,117),(23,118),(23,119),(23,120),(23,121),(23,122),(23,123),(23,124),(23,125),(23,126),(24,127),(24,128),(24,129),(24,130),(24,131),(24,132),(24,133),(24,134),(24,135),(24,136),(24,137),(25,127),(25,128),(25,129),(25,130),(25,131),(25,132),(25,133),(25,134),(25,135),(25,136),(25,137);

#
# Structure for table "familiares"
#

CREATE TABLE `familiares` (
  `idFamiliares` int(10) unsigned NOT NULL AUTO_INCREMENT,
  `Nombre` varchar(45) DEFAULT NULL,
  `Apellido` varchar(45) DEFAULT NULL,
  `DNI` int(11) DEFAULT NULL,
  `Direccion` varchar(45) DEFAULT NULL,
  `Telefono` int(10) unsigned DEFAULT NULL,
  `EstadoCivil` enum('SOLTERO/A','CASADO/A','DIVORCIADO/A','VIUDO/A') DEFAULT NULL,
  `Ocupacion` varchar(45) DEFAULT NULL,
  `Mail` varchar(45) DEFAULT NULL,
  `Celular` int(10) unsigned DEFAULT NULL,
  `Foto` blob,
  PRIMARY KEY (`idFamiliares`)
) ENGINE=InnoDB AUTO_INCREMENT=2 DEFAULT CHARSET=utf8;

#
# Data for table "familiares"
#

INSERT INTO `familiares` VALUES (1,'Ruben','Blades',16314658,'Italia 90',4239725,'CASADO/A','Vago','nohagonada@gmail.com',155447788,NULL);

#
# Structure for table "alumnos_tienen_familiares"
#

CREATE TABLE `alumnos_tienen_familiares` (
  `idFamiliares` int(10) unsigned NOT NULL,
  `idAlumnos` int(10) unsigned NOT NULL,
  `Parentesco` enum('MADRE','PADRE','TUTOR') DEFAULT NULL,
  PRIMARY KEY (`idFamiliares`,`idAlumnos`),
  KEY `fk_Familiares_has_Alumnos_Alumnos1_idx` (`idAlumnos`),
  KEY `fk_Familiares_has_Alumnos_Familiares_idx` (`idFamiliares`),
  CONSTRAINT `fk_Familiares_has_Alumnos_Alumnos1` FOREIGN KEY (`idAlumnos`) REFERENCES `alumnos` (`idAlumnos`) ON DELETE NO ACTION ON UPDATE NO ACTION,
  CONSTRAINT `fk_Familiares_has_Alumnos_Familiares` FOREIGN KEY (`idFamiliares`) REFERENCES `familiares` (`idFamiliares`) ON DELETE NO ACTION ON UPDATE NO ACTION
) ENGINE=InnoDB DEFAULT CHARSET=utf8;

#
# Data for table "alumnos_tienen_familiares"
#

INSERT INTO `alumnos_tienen_familiares` VALUES (1,1,'MADRE');

#
# Structure for table "periodolectivo"
#

CREATE TABLE `periodolectivo` (
  `idPeriodoLectivo` int(10) unsigned NOT NULL AUTO_INCREMENT,
  `Año` varchar(4) DEFAULT NULL,
  PRIMARY KEY (`idPeriodoLectivo`)
) ENGINE=InnoDB AUTO_INCREMENT=2 DEFAULT CHARSET=utf8;

#
# Data for table "periodolectivo"
#

INSERT INTO `periodolectivo` VALUES (1,'2017');

#
# Structure for table "notas"
#

CREATE TABLE `notas` (
  `idNotas` int(10) unsigned NOT NULL AUTO_INCREMENT,
  `Diagnostico1` int(11) unsigned DEFAULT NULL,
  `Concepto1` int(2) unsigned DEFAULT NULL,
  `Cuatrimestral1` double(4,2) unsigned DEFAULT NULL,
  `PromedioCuat1` double(4,2) unsigned DEFAULT NULL,
  `TpAsignados1` int(2) unsigned DEFAULT NULL,
  `TpPresentados1` int(2) unsigned DEFAULT NULL,
  `TpAprobados1` int(2) unsigned DEFAULT NULL,
  `PromedioTp1` int(3) DEFAULT NULL,
  `Diagnostico2` int(11) unsigned DEFAULT NULL,
  `Concepto2` int(2) unsigned DEFAULT NULL,
  `Cuatrimestral2` double(4,2) unsigned DEFAULT NULL,
  `PromedioCuat2` double(4,2) unsigned DEFAULT NULL,
  `TpAsignados2` int(2) unsigned DEFAULT NULL,
  `TpPresentados2` int(2) unsigned DEFAULT NULL,
  `TpAprobados2` int(2) unsigned DEFAULT NULL,
  `PromedioTp2` int(3) DEFAULT NULL,
  `PromedioAnual` double(4,2) unsigned DEFAULT NULL,
  `PromedioAnualTp` int(3) unsigned DEFAULT NULL,
  `NotaDiciembre` int(2) unsigned DEFAULT NULL,
  `NotaMarzo` int(2) unsigned DEFAULT NULL,
  `RecuperaTp` enum('APROBADO','DESAPROBADO') DEFAULT NULL,
  `RecuperaTpPrevia1` enum('APROBADO','DESAPROBADO') DEFAULT NULL,
  `NotaPrevia1` int(2) unsigned DEFAULT NULL,
  `RecuperaTpPrevia2` enum('APROBADO','DESAPROBADO') DEFAULT NULL,
  `NotaPrevia2` int(2) unsigned DEFAULT NULL,
  `RecuperaTpPrevia3` enum('APROBADO','DESAPROBADO') DEFAULT NULL,
  `NotaPrevia3` int(2) unsigned DEFAULT NULL,
  `CalificacionDefinitiva` double(4,2) unsigned DEFAULT NULL,
  `FechaAprobado` date DEFAULT NULL,
  `libro` int(11) DEFAULT NULL,
  `folio` int(11) DEFAULT NULL,
  `idAlumnos` int(10) unsigned NOT NULL,
  `idCursos` int(10) unsigned NOT NULL,
  `idAsignaturas` int(10) unsigned NOT NULL,
  `idPeriodoLectivo` int(10) unsigned NOT NULL,
  `Diagnostico1A` enum('P','A') NOT NULL DEFAULT 'P',
  `Cuatrimestral1A` enum('P','A') NOT NULL DEFAULT 'P',
  `Diagnostico2A` enum('P','A') NOT NULL DEFAULT 'P',
  `Cuatrimestral2A` enum('P','A') NOT NULL DEFAULT 'P',
  `DiciembreA` enum('P','A') NOT NULL DEFAULT 'P',
  `MarzoA` enum('P','A') NOT NULL DEFAULT 'P',
  `Previa1A` enum('P','A') NOT NULL DEFAULT 'P',
  `Previa2A` enum('P','A') NOT NULL DEFAULT 'P',
  `Previa3` enum('P','A') NOT NULL DEFAULT 'P',
  PRIMARY KEY (`idNotas`),
  KEY `fk_Notas_Alumnos1_idx` (`idAlumnos`),
  KEY `fk_Notas_Cursos1_idx` (`idCursos`),
  KEY `fk_Notas_Asignaturas1_idx` (`idAsignaturas`),
  KEY `fk_Notas_PeriodoLectivo1_idx` (`idPeriodoLectivo`),
  CONSTRAINT `fk_Notas_Alumnos1` FOREIGN KEY (`idAlumnos`) REFERENCES `alumnos` (`idAlumnos`) ON DELETE NO ACTION ON UPDATE NO ACTION,
  CONSTRAINT `fk_Notas_Asignaturas1` FOREIGN KEY (`idAsignaturas`) REFERENCES `asignaturas` (`idAsignaturas`) ON DELETE NO ACTION ON UPDATE NO ACTION,
  CONSTRAINT `fk_Notas_Cursos1` FOREIGN KEY (`idCursos`) REFERENCES `cursos` (`idCursos`) ON DELETE NO ACTION ON UPDATE NO ACTION,
  CONSTRAINT `fk_Notas_PeriodoLectivo1` FOREIGN KEY (`idPeriodoLectivo`) REFERENCES `periodolectivo` (`idPeriodoLectivo`) ON DELETE NO ACTION ON UPDATE NO ACTION
) ENGINE=InnoDB AUTO_INCREMENT=115 DEFAULT CHARSET=utf8;

#
# Data for table "notas"
#

INSERT INTO `notas` VALUES (1,9,9,9.00,9.00,4,4,4,100,9,8,7.00,7.50,3,3,3,100,8.25,NULL,5,NULL,NULL,NULL,NULL,NULL,NULL,NULL,NULL,6.63,'2017-09-01',1,1,1,1,1,1,'P','P','P','P','P','P','P','P','P'),(2,6,7,8.00,7.50,NULL,NULL,NULL,NULL,7,8,9.00,8.50,NULL,NULL,NULL,NULL,8.00,NULL,NULL,NULL,NULL,NULL,NULL,NULL,NULL,NULL,NULL,8.00,NULL,NULL,NULL,1,1,2,1,'P','P','P','P','P','P','P','P','P'),(3,NULL,NULL,NULL,NULL,NULL,NULL,NULL,NULL,NULL,NULL,NULL,NULL,NULL,NULL,NULL,NULL,NULL,NULL,NULL,NULL,NULL,NULL,NULL,NULL,NULL,NULL,NULL,NULL,NULL,NULL,NULL,1,1,3,1,'P','P','P','P','P','P','P','P','P'),(4,NULL,NULL,NULL,NULL,NULL,NULL,NULL,NULL,NULL,NULL,NULL,NULL,NULL,NULL,NULL,NULL,NULL,NULL,NULL,NULL,NULL,NULL,NULL,NULL,NULL,NULL,NULL,NULL,NULL,NULL,NULL,1,1,4,1,'P','P','P','P','P','P','P','P','P'),(5,NULL,NULL,NULL,NULL,NULL,NULL,NULL,NULL,NULL,NULL,NULL,NULL,NULL,NULL,NULL,NULL,NULL,NULL,NULL,NULL,NULL,NULL,NULL,NULL,NULL,NULL,NULL,NULL,NULL,NULL,NULL,1,1,5,1,'P','P','P','P','P','P','P','P','P'),(6,NULL,NULL,NULL,NULL,NULL,NULL,NULL,NULL,NULL,NULL,NULL,NULL,NULL,NULL,NULL,NULL,NULL,NULL,NULL,NULL,NULL,NULL,NULL,NULL,NULL,NULL,NULL,NULL,NULL,NULL,NULL,1,1,6,1,'P','P','P','P','P','P','P','P','P'),(7,NULL,NULL,NULL,NULL,NULL,NULL,NULL,NULL,NULL,NULL,NULL,NULL,NULL,NULL,NULL,NULL,NULL,NULL,NULL,NULL,NULL,NULL,NULL,NULL,NULL,NULL,NULL,NULL,NULL,NULL,NULL,1,1,7,1,'P','P','P','P','P','P','P','P','P'),(8,NULL,NULL,NULL,NULL,NULL,NULL,NULL,NULL,NULL,NULL,NULL,NULL,NULL,NULL,NULL,NULL,NULL,NULL,NULL,NULL,NULL,NULL,NULL,NULL,NULL,NULL,NULL,NULL,NULL,NULL,NULL,1,1,8,1,'P','P','P','P','P','P','P','P','P'),(9,NULL,NULL,NULL,NULL,NULL,NULL,NULL,NULL,NULL,NULL,NULL,NULL,NULL,NULL,NULL,NULL,NULL,NULL,NULL,NULL,NULL,NULL,NULL,NULL,NULL,NULL,NULL,NULL,NULL,NULL,NULL,1,1,9,1,'P','P','P','P','P','P','P','P','P'),(10,NULL,NULL,NULL,NULL,NULL,NULL,NULL,NULL,NULL,NULL,NULL,NULL,NULL,NULL,NULL,NULL,NULL,NULL,NULL,NULL,NULL,NULL,NULL,NULL,NULL,NULL,NULL,NULL,NULL,NULL,NULL,1,1,10,1,'P','P','P','P','P','P','P','P','P'),(11,NULL,NULL,NULL,NULL,NULL,NULL,NULL,NULL,NULL,NULL,NULL,NULL,NULL,NULL,NULL,NULL,NULL,NULL,NULL,NULL,NULL,NULL,NULL,NULL,NULL,NULL,NULL,NULL,NULL,NULL,NULL,1,1,11,1,'P','P','P','P','P','P','P','P','P'),(12,NULL,NULL,NULL,NULL,NULL,NULL,NULL,NULL,NULL,NULL,NULL,NULL,NULL,NULL,NULL,NULL,NULL,NULL,NULL,NULL,NULL,NULL,NULL,NULL,NULL,NULL,NULL,NULL,NULL,NULL,NULL,1,1,12,1,'P','P','P','P','P','P','P','P','P'),(13,NULL,NULL,NULL,NULL,NULL,NULL,NULL,NULL,NULL,NULL,NULL,NULL,NULL,NULL,NULL,NULL,NULL,NULL,NULL,NULL,NULL,NULL,NULL,NULL,NULL,NULL,NULL,NULL,NULL,NULL,NULL,1,1,13,1,'P','P','P','P','P','P','P','P','P'),(14,8,8,8.00,8.00,4,4,4,100,8,8,8.00,8.00,3,3,3,100,8.00,NULL,3,3,NULL,NULL,5,NULL,NULL,NULL,NULL,6.50,'2017-09-05',2,2,2,1,1,1,'P','P','P','P','P','P','P','P','P'),(15,NULL,NULL,NULL,NULL,NULL,NULL,NULL,NULL,NULL,NULL,NULL,NULL,NULL,NULL,NULL,NULL,NULL,NULL,NULL,NULL,NULL,NULL,NULL,NULL,NULL,NULL,NULL,NULL,NULL,NULL,NULL,2,1,2,1,'P','P','P','P','P','P','P','P','P'),(16,NULL,NULL,NULL,NULL,NULL,NULL,NULL,NULL,NULL,NULL,NULL,NULL,NULL,NULL,NULL,NULL,NULL,NULL,NULL,NULL,NULL,NULL,NULL,NULL,NULL,NULL,NULL,NULL,NULL,NULL,NULL,2,1,3,1,'P','P','P','P','P','P','P','P','P'),(17,NULL,NULL,NULL,NULL,NULL,NULL,NULL,NULL,NULL,NULL,NULL,NULL,NULL,NULL,NULL,NULL,NULL,NULL,NULL,NULL,NULL,NULL,NULL,NULL,NULL,NULL,NULL,NULL,NULL,NULL,NULL,2,1,4,1,'P','P','P','P','P','P','P','P','P'),(18,NULL,NULL,NULL,NULL,NULL,NULL,NULL,NULL,NULL,NULL,NULL,NULL,NULL,NULL,NULL,NULL,NULL,NULL,NULL,NULL,NULL,NULL,NULL,NULL,NULL,NULL,NULL,NULL,NULL,NULL,NULL,2,1,5,1,'P','P','P','P','P','P','P','P','P'),(19,NULL,NULL,NULL,NULL,NULL,NULL,NULL,NULL,NULL,NULL,NULL,NULL,NULL,NULL,NULL,NULL,NULL,NULL,NULL,NULL,NULL,NULL,NULL,NULL,NULL,NULL,NULL,NULL,NULL,NULL,NULL,2,1,6,1,'P','P','P','P','P','P','P','P','P'),(20,NULL,NULL,NULL,NULL,NULL,NULL,NULL,NULL,NULL,NULL,NULL,NULL,NULL,NULL,NULL,NULL,NULL,NULL,NULL,NULL,NULL,NULL,NULL,NULL,NULL,NULL,NULL,NULL,NULL,NULL,NULL,2,1,7,1,'P','P','P','P','P','P','P','P','P'),(21,NULL,NULL,NULL,NULL,NULL,NULL,NULL,NULL,NULL,NULL,NULL,NULL,NULL,NULL,NULL,NULL,NULL,NULL,NULL,NULL,NULL,NULL,NULL,NULL,NULL,NULL,NULL,NULL,NULL,NULL,NULL,2,1,8,1,'P','P','P','P','P','P','P','P','P'),(22,NULL,NULL,NULL,NULL,NULL,NULL,NULL,NULL,NULL,NULL,NULL,NULL,NULL,NULL,NULL,NULL,NULL,NULL,NULL,NULL,NULL,NULL,NULL,NULL,NULL,NULL,NULL,NULL,NULL,NULL,NULL,2,1,9,1,'P','P','P','P','P','P','P','P','P'),(23,NULL,NULL,NULL,NULL,NULL,NULL,NULL,NULL,NULL,NULL,NULL,NULL,NULL,NULL,NULL,NULL,NULL,NULL,NULL,NULL,NULL,NULL,NULL,NULL,NULL,NULL,NULL,NULL,NULL,NULL,NULL,2,1,10,1,'P','P','P','P','P','P','P','P','P'),(24,NULL,NULL,NULL,NULL,NULL,NULL,NULL,NULL,NULL,NULL,NULL,NULL,NULL,NULL,NULL,NULL,NULL,NULL,NULL,NULL,NULL,NULL,NULL,NULL,NULL,NULL,NULL,NULL,NULL,NULL,NULL,2,1,11,1,'P','P','P','P','P','P','P','P','P'),(25,NULL,NULL,NULL,NULL,NULL,NULL,NULL,NULL,NULL,NULL,NULL,NULL,NULL,NULL,NULL,NULL,NULL,NULL,NULL,NULL,NULL,NULL,NULL,NULL,NULL,NULL,NULL,NULL,NULL,NULL,NULL,2,1,12,1,'P','P','P','P','P','P','P','P','P'),(26,NULL,NULL,NULL,NULL,NULL,NULL,NULL,NULL,NULL,NULL,NULL,NULL,NULL,NULL,NULL,NULL,NULL,NULL,NULL,NULL,NULL,NULL,NULL,NULL,NULL,NULL,NULL,NULL,NULL,NULL,NULL,2,1,13,1,'P','P','P','P','P','P','P','P','P'),(27,5,5,5.00,5.00,4,4,4,100,4,4,4.00,4.00,3,3,3,100,4.50,NULL,5,NULL,NULL,NULL,NULL,NULL,NULL,NULL,NULL,4.75,NULL,NULL,NULL,3,1,1,1,'P','P','P','P','P','P','P','P','P'),(28,NULL,NULL,NULL,NULL,NULL,NULL,NULL,NULL,NULL,NULL,NULL,NULL,NULL,NULL,NULL,NULL,NULL,NULL,NULL,NULL,NULL,NULL,NULL,NULL,NULL,NULL,NULL,NULL,NULL,NULL,NULL,3,1,2,1,'P','P','P','P','P','P','P','P','P'),(29,NULL,NULL,NULL,NULL,NULL,NULL,NULL,NULL,NULL,NULL,NULL,NULL,NULL,NULL,NULL,NULL,NULL,NULL,NULL,NULL,NULL,NULL,NULL,NULL,NULL,NULL,NULL,NULL,NULL,NULL,NULL,3,1,3,1,'P','P','P','P','P','P','P','P','P'),(30,NULL,NULL,NULL,NULL,NULL,NULL,NULL,NULL,NULL,NULL,NULL,NULL,NULL,NULL,NULL,NULL,NULL,NULL,NULL,NULL,NULL,NULL,NULL,NULL,NULL,NULL,NULL,NULL,NULL,NULL,NULL,3,1,4,1,'P','P','P','P','P','P','P','P','P'),(31,NULL,NULL,NULL,NULL,NULL,NULL,NULL,NULL,NULL,NULL,NULL,NULL,NULL,NULL,NULL,NULL,NULL,NULL,NULL,NULL,NULL,NULL,NULL,NULL,NULL,NULL,NULL,NULL,NULL,NULL,NULL,3,1,5,1,'P','P','P','P','P','P','P','P','P'),(32,NULL,NULL,NULL,NULL,NULL,NULL,NULL,NULL,NULL,NULL,NULL,NULL,NULL,NULL,NULL,NULL,NULL,NULL,NULL,NULL,NULL,NULL,NULL,NULL,NULL,NULL,NULL,NULL,NULL,NULL,NULL,3,1,6,1,'P','P','P','P','P','P','P','P','P'),(33,NULL,NULL,NULL,NULL,NULL,NULL,NULL,NULL,NULL,NULL,NULL,NULL,NULL,NULL,NULL,NULL,NULL,NULL,NULL,NULL,NULL,NULL,NULL,NULL,NULL,NULL,NULL,NULL,NULL,NULL,NULL,3,1,7,1,'P','P','P','P','P','P','P','P','P'),(34,NULL,NULL,NULL,NULL,NULL,NULL,NULL,NULL,NULL,NULL,NULL,NULL,NULL,NULL,NULL,NULL,NULL,NULL,NULL,NULL,NULL,NULL,NULL,NULL,NULL,NULL,NULL,NULL,NULL,NULL,NULL,3,1,8,1,'P','P','P','P','P','P','P','P','P'),(35,NULL,NULL,NULL,NULL,NULL,NULL,NULL,NULL,NULL,NULL,NULL,NULL,NULL,NULL,NULL,NULL,NULL,NULL,NULL,NULL,NULL,NULL,NULL,NULL,NULL,NULL,NULL,NULL,NULL,NULL,NULL,3,1,9,1,'P','P','P','P','P','P','P','P','P'),(36,NULL,NULL,NULL,NULL,NULL,NULL,NULL,NULL,NULL,NULL,NULL,NULL,NULL,NULL,NULL,NULL,NULL,NULL,NULL,NULL,NULL,NULL,NULL,NULL,NULL,NULL,NULL,NULL,NULL,NULL,NULL,3,1,10,1,'P','P','P','P','P','P','P','P','P'),(37,NULL,NULL,NULL,NULL,NULL,NULL,NULL,NULL,NULL,NULL,NULL,NULL,NULL,NULL,NULL,NULL,NULL,NULL,NULL,NULL,NULL,NULL,NULL,NULL,NULL,NULL,NULL,NULL,NULL,NULL,NULL,3,1,11,1,'P','P','P','P','P','P','P','P','P'),(38,NULL,NULL,NULL,NULL,NULL,NULL,NULL,NULL,NULL,NULL,NULL,NULL,NULL,NULL,NULL,NULL,NULL,NULL,NULL,NULL,NULL,NULL,NULL,NULL,NULL,NULL,NULL,NULL,NULL,NULL,NULL,3,1,12,1,'P','P','P','P','P','P','P','P','P'),(39,NULL,NULL,NULL,NULL,NULL,NULL,NULL,NULL,NULL,NULL,NULL,NULL,NULL,NULL,NULL,NULL,NULL,NULL,NULL,NULL,NULL,NULL,NULL,NULL,NULL,NULL,NULL,NULL,NULL,NULL,NULL,3,1,13,1,'P','P','P','P','P','P','P','P','P'),(42,NULL,NULL,NULL,NULL,4,4,4,100,NULL,NULL,NULL,NULL,3,3,3,100,NULL,NULL,NULL,NULL,NULL,NULL,NULL,NULL,NULL,NULL,NULL,NULL,NULL,NULL,NULL,4,1,1,1,'P','P','P','P','P','P','P','P','P'),(43,NULL,NULL,NULL,NULL,NULL,NULL,NULL,NULL,NULL,NULL,NULL,NULL,NULL,NULL,NULL,NULL,NULL,NULL,NULL,NULL,NULL,NULL,NULL,NULL,NULL,NULL,NULL,NULL,NULL,NULL,NULL,4,1,2,1,'P','P','P','P','P','P','P','P','P'),(44,NULL,NULL,NULL,NULL,NULL,NULL,NULL,NULL,NULL,NULL,NULL,NULL,NULL,NULL,NULL,NULL,NULL,NULL,NULL,NULL,NULL,NULL,NULL,NULL,NULL,NULL,NULL,NULL,NULL,NULL,NULL,4,1,3,1,'P','P','P','P','P','P','P','P','P'),(45,NULL,NULL,NULL,NULL,NULL,NULL,NULL,NULL,NULL,NULL,NULL,NULL,NULL,NULL,NULL,NULL,NULL,NULL,NULL,NULL,NULL,NULL,NULL,NULL,NULL,NULL,NULL,NULL,NULL,NULL,NULL,4,1,4,1,'P','P','P','P','P','P','P','P','P'),(46,NULL,NULL,NULL,NULL,NULL,NULL,NULL,NULL,NULL,NULL,NULL,NULL,NULL,NULL,NULL,NULL,NULL,NULL,NULL,NULL,NULL,NULL,NULL,NULL,NULL,NULL,NULL,NULL,NULL,NULL,NULL,4,1,5,1,'P','P','P','P','P','P','P','P','P'),(47,NULL,NULL,NULL,NULL,NULL,NULL,NULL,NULL,NULL,NULL,NULL,NULL,NULL,NULL,NULL,NULL,NULL,NULL,NULL,NULL,NULL,NULL,NULL,NULL,NULL,NULL,NULL,NULL,NULL,NULL,NULL,4,1,6,1,'P','P','P','P','P','P','P','P','P'),(48,NULL,NULL,NULL,NULL,NULL,NULL,NULL,NULL,NULL,NULL,NULL,NULL,NULL,NULL,NULL,NULL,NULL,NULL,NULL,NULL,NULL,NULL,NULL,NULL,NULL,NULL,NULL,NULL,NULL,NULL,NULL,4,1,7,1,'P','P','P','P','P','P','P','P','P'),(49,NULL,NULL,NULL,NULL,NULL,NULL,NULL,NULL,NULL,NULL,NULL,NULL,NULL,NULL,NULL,NULL,NULL,NULL,NULL,NULL,NULL,NULL,NULL,NULL,NULL,NULL,NULL,NULL,NULL,NULL,NULL,4,1,8,1,'P','P','P','P','P','P','P','P','P'),(50,NULL,NULL,NULL,NULL,NULL,NULL,NULL,NULL,NULL,NULL,NULL,NULL,NULL,NULL,NULL,NULL,NULL,NULL,NULL,NULL,NULL,NULL,NULL,NULL,NULL,NULL,NULL,NULL,NULL,NULL,NULL,4,1,9,1,'P','P','P','P','P','P','P','P','P'),(51,NULL,NULL,NULL,NULL,NULL,NULL,NULL,NULL,NULL,NULL,NULL,NULL,NULL,NULL,NULL,NULL,NULL,NULL,NULL,NULL,NULL,NULL,NULL,NULL,NULL,NULL,NULL,NULL,NULL,NULL,NULL,4,1,10,1,'P','P','P','P','P','P','P','P','P'),(52,NULL,NULL,NULL,NULL,NULL,NULL,NULL,NULL,NULL,NULL,NULL,NULL,NULL,NULL,NULL,NULL,NULL,NULL,NULL,NULL,NULL,NULL,NULL,NULL,NULL,NULL,NULL,NULL,NULL,NULL,NULL,4,1,11,1,'P','P','P','P','P','P','P','P','P'),(53,NULL,NULL,NULL,NULL,NULL,NULL,NULL,NULL,NULL,NULL,NULL,NULL,NULL,NULL,NULL,NULL,NULL,NULL,NULL,NULL,NULL,NULL,NULL,NULL,NULL,NULL,NULL,NULL,NULL,NULL,NULL,4,1,12,1,'P','P','P','P','P','P','P','P','P'),(54,NULL,NULL,NULL,NULL,NULL,NULL,NULL,NULL,NULL,NULL,NULL,NULL,NULL,NULL,NULL,NULL,NULL,NULL,NULL,NULL,NULL,NULL,NULL,NULL,NULL,NULL,NULL,NULL,NULL,NULL,NULL,4,1,13,1,'P','P','P','P','P','P','P','P','P'),(57,5,5,5.00,5.00,4,4,4,100,4,4,4.00,4.00,3,3,3,100,4.50,NULL,4,NULL,NULL,NULL,NULL,NULL,NULL,NULL,NULL,4.25,NULL,NULL,NULL,5,1,1,1,'P','P','P','P','P','P','P','P','P'),(58,NULL,NULL,NULL,NULL,NULL,NULL,NULL,NULL,NULL,NULL,NULL,NULL,NULL,NULL,NULL,NULL,NULL,NULL,NULL,NULL,NULL,NULL,NULL,NULL,NULL,NULL,NULL,NULL,NULL,NULL,NULL,5,1,2,1,'P','P','P','P','P','P','P','P','P'),(59,NULL,NULL,NULL,NULL,NULL,NULL,NULL,NULL,NULL,NULL,NULL,NULL,NULL,NULL,NULL,NULL,NULL,NULL,NULL,NULL,NULL,NULL,NULL,NULL,NULL,NULL,NULL,NULL,NULL,NULL,NULL,5,1,3,1,'P','P','P','P','P','P','P','P','P'),(60,NULL,NULL,NULL,NULL,NULL,NULL,NULL,NULL,NULL,NULL,NULL,NULL,NULL,NULL,NULL,NULL,NULL,NULL,NULL,NULL,NULL,NULL,NULL,NULL,NULL,NULL,NULL,NULL,NULL,NULL,NULL,5,1,4,1,'P','P','P','P','P','P','P','P','P'),(61,NULL,NULL,NULL,NULL,NULL,NULL,NULL,NULL,NULL,NULL,NULL,NULL,NULL,NULL,NULL,NULL,NULL,NULL,NULL,NULL,NULL,NULL,NULL,NULL,NULL,NULL,NULL,NULL,NULL,NULL,NULL,5,1,5,1,'P','P','P','P','P','P','P','P','P'),(62,NULL,NULL,NULL,NULL,NULL,NULL,NULL,NULL,NULL,NULL,NULL,NULL,NULL,NULL,NULL,NULL,NULL,NULL,NULL,NULL,NULL,NULL,NULL,NULL,NULL,NULL,NULL,NULL,NULL,NULL,NULL,5,1,6,1,'P','P','P','P','P','P','P','P','P'),(63,NULL,NULL,NULL,NULL,NULL,NULL,NULL,NULL,NULL,NULL,NULL,NULL,NULL,NULL,NULL,NULL,NULL,NULL,NULL,NULL,NULL,NULL,NULL,NULL,NULL,NULL,NULL,NULL,NULL,NULL,NULL,5,1,7,1,'P','P','P','P','P','P','P','P','P'),(64,NULL,NULL,NULL,NULL,NULL,NULL,NULL,NULL,NULL,NULL,NULL,NULL,NULL,NULL,NULL,NULL,NULL,NULL,NULL,NULL,NULL,NULL,NULL,NULL,NULL,NULL,NULL,NULL,NULL,NULL,NULL,5,1,8,1,'P','P','P','P','P','P','P','P','P'),(65,NULL,NULL,NULL,NULL,NULL,NULL,NULL,NULL,NULL,NULL,NULL,NULL,NULL,NULL,NULL,NULL,NULL,NULL,NULL,NULL,NULL,NULL,NULL,NULL,NULL,NULL,NULL,NULL,NULL,NULL,NULL,5,1,9,1,'P','P','P','P','P','P','P','P','P'),(66,NULL,NULL,NULL,NULL,NULL,NULL,NULL,NULL,NULL,NULL,NULL,NULL,NULL,NULL,NULL,NULL,NULL,NULL,NULL,NULL,NULL,NULL,NULL,NULL,NULL,NULL,NULL,NULL,NULL,NULL,NULL,5,1,10,1,'P','P','P','P','P','P','P','P','P'),(67,NULL,NULL,NULL,NULL,NULL,NULL,NULL,NULL,NULL,NULL,NULL,NULL,NULL,NULL,NULL,NULL,NULL,NULL,NULL,NULL,NULL,NULL,NULL,NULL,NULL,NULL,NULL,NULL,NULL,NULL,NULL,5,1,11,1,'P','P','P','P','P','P','P','P','P'),(68,NULL,NULL,NULL,NULL,NULL,NULL,NULL,NULL,NULL,NULL,NULL,NULL,NULL,NULL,NULL,NULL,NULL,NULL,NULL,NULL,NULL,NULL,NULL,NULL,NULL,NULL,NULL,NULL,NULL,NULL,NULL,5,1,12,1,'P','P','P','P','P','P','P','P','P'),(69,NULL,NULL,NULL,NULL,NULL,NULL,NULL,NULL,NULL,NULL,NULL,NULL,NULL,NULL,NULL,NULL,NULL,NULL,NULL,NULL,NULL,NULL,NULL,NULL,NULL,NULL,NULL,NULL,NULL,NULL,NULL,5,1,13,1,'P','P','P','P','P','P','P','P','P'),(72,NULL,NULL,NULL,NULL,4,4,4,100,NULL,NULL,NULL,NULL,3,3,3,100,NULL,NULL,NULL,NULL,NULL,NULL,NULL,NULL,NULL,NULL,NULL,NULL,NULL,NULL,NULL,6,1,1,1,'P','P','P','P','P','P','P','P','P'),(73,NULL,NULL,NULL,NULL,NULL,NULL,NULL,NULL,NULL,NULL,NULL,NULL,NULL,NULL,NULL,NULL,NULL,NULL,NULL,NULL,NULL,NULL,NULL,NULL,NULL,NULL,NULL,NULL,NULL,NULL,NULL,6,1,2,1,'P','P','P','P','P','P','P','P','P'),(74,NULL,NULL,NULL,NULL,NULL,NULL,NULL,NULL,NULL,NULL,NULL,NULL,NULL,NULL,NULL,NULL,NULL,NULL,NULL,NULL,NULL,NULL,NULL,NULL,NULL,NULL,NULL,NULL,NULL,NULL,NULL,6,1,3,1,'P','P','P','P','P','P','P','P','P'),(75,NULL,NULL,NULL,NULL,NULL,NULL,NULL,NULL,NULL,NULL,NULL,NULL,NULL,NULL,NULL,NULL,NULL,NULL,NULL,NULL,NULL,NULL,NULL,NULL,NULL,NULL,NULL,NULL,NULL,NULL,NULL,6,1,4,1,'P','P','P','P','P','P','P','P','P'),(76,NULL,NULL,NULL,NULL,NULL,NULL,NULL,NULL,NULL,NULL,NULL,NULL,NULL,NULL,NULL,NULL,NULL,NULL,NULL,NULL,NULL,NULL,NULL,NULL,NULL,NULL,NULL,NULL,NULL,NULL,NULL,6,1,5,1,'P','P','P','P','P','P','P','P','P'),(77,NULL,NULL,NULL,NULL,NULL,NULL,NULL,NULL,NULL,NULL,NULL,NULL,NULL,NULL,NULL,NULL,NULL,NULL,NULL,NULL,NULL,NULL,NULL,NULL,NULL,NULL,NULL,NULL,NULL,NULL,NULL,6,1,6,1,'P','P','P','P','P','P','P','P','P'),(78,NULL,NULL,NULL,NULL,NULL,NULL,NULL,NULL,NULL,NULL,NULL,NULL,NULL,NULL,NULL,NULL,NULL,NULL,NULL,NULL,NULL,NULL,NULL,NULL,NULL,NULL,NULL,NULL,NULL,NULL,NULL,6,1,7,1,'P','P','P','P','P','P','P','P','P'),(79,NULL,NULL,NULL,NULL,NULL,NULL,NULL,NULL,NULL,NULL,NULL,NULL,NULL,NULL,NULL,NULL,NULL,NULL,NULL,NULL,NULL,NULL,NULL,NULL,NULL,NULL,NULL,NULL,NULL,NULL,NULL,6,1,8,1,'P','P','P','P','P','P','P','P','P'),(80,NULL,NULL,NULL,NULL,NULL,NULL,NULL,NULL,NULL,NULL,NULL,NULL,NULL,NULL,NULL,NULL,NULL,NULL,NULL,NULL,NULL,NULL,NULL,NULL,NULL,NULL,NULL,NULL,NULL,NULL,NULL,6,1,9,1,'P','P','P','P','P','P','P','P','P'),(81,NULL,NULL,NULL,NULL,NULL,NULL,NULL,NULL,NULL,NULL,NULL,NULL,NULL,NULL,NULL,NULL,NULL,NULL,NULL,NULL,NULL,NULL,NULL,NULL,NULL,NULL,NULL,NULL,NULL,NULL,NULL,6,1,10,1,'P','P','P','P','P','P','P','P','P'),(82,NULL,NULL,NULL,NULL,NULL,NULL,NULL,NULL,NULL,NULL,NULL,NULL,NULL,NULL,NULL,NULL,NULL,NULL,NULL,NULL,NULL,NULL,NULL,NULL,NULL,NULL,NULL,NULL,NULL,NULL,NULL,6,1,11,1,'P','P','P','P','P','P','P','P','P'),(83,NULL,NULL,NULL,NULL,NULL,NULL,NULL,NULL,NULL,NULL,NULL,NULL,NULL,NULL,NULL,NULL,NULL,NULL,NULL,NULL,NULL,NULL,NULL,NULL,NULL,NULL,NULL,NULL,NULL,NULL,NULL,6,1,12,1,'P','P','P','P','P','P','P','P','P'),(84,NULL,NULL,NULL,NULL,NULL,NULL,NULL,NULL,NULL,NULL,NULL,NULL,NULL,NULL,NULL,NULL,NULL,NULL,NULL,NULL,NULL,NULL,NULL,NULL,NULL,NULL,NULL,NULL,NULL,NULL,NULL,6,1,13,1,'P','P','P','P','P','P','P','P','P'),(87,6,6,6.00,6.00,4,4,4,100,6,6,6.00,6.00,3,3,3,100,6.00,NULL,5,NULL,NULL,NULL,NULL,NULL,NULL,NULL,NULL,5.50,NULL,NULL,NULL,7,1,1,1,'P','P','P','P','P','P','P','P','P'),(88,NULL,NULL,NULL,NULL,NULL,NULL,NULL,NULL,NULL,NULL,NULL,NULL,NULL,NULL,NULL,NULL,NULL,NULL,NULL,NULL,NULL,NULL,NULL,NULL,NULL,NULL,NULL,NULL,NULL,NULL,NULL,7,1,2,1,'P','P','P','P','P','P','P','P','P'),(89,NULL,NULL,NULL,NULL,NULL,NULL,NULL,NULL,NULL,NULL,NULL,NULL,NULL,NULL,NULL,NULL,NULL,NULL,NULL,NULL,NULL,NULL,NULL,NULL,NULL,NULL,NULL,NULL,NULL,NULL,NULL,7,1,3,1,'P','P','P','P','P','P','P','P','P'),(90,NULL,NULL,NULL,NULL,NULL,NULL,NULL,NULL,NULL,NULL,NULL,NULL,NULL,NULL,NULL,NULL,NULL,NULL,NULL,NULL,NULL,NULL,NULL,NULL,NULL,NULL,NULL,NULL,NULL,NULL,NULL,7,1,4,1,'P','P','P','P','P','P','P','P','P'),(91,NULL,NULL,NULL,NULL,NULL,NULL,NULL,NULL,NULL,NULL,NULL,NULL,NULL,NULL,NULL,NULL,NULL,NULL,NULL,NULL,NULL,NULL,NULL,NULL,NULL,NULL,NULL,NULL,NULL,NULL,NULL,7,1,5,1,'P','P','P','P','P','P','P','P','P'),(92,NULL,NULL,NULL,NULL,NULL,NULL,NULL,NULL,NULL,NULL,NULL,NULL,NULL,NULL,NULL,NULL,NULL,NULL,NULL,NULL,NULL,NULL,NULL,NULL,NULL,NULL,NULL,NULL,NULL,NULL,NULL,7,1,6,1,'P','P','P','P','P','P','P','P','P'),(93,NULL,NULL,NULL,NULL,NULL,NULL,NULL,NULL,NULL,NULL,NULL,NULL,NULL,NULL,NULL,NULL,NULL,NULL,NULL,NULL,NULL,NULL,NULL,NULL,NULL,NULL,NULL,NULL,NULL,NULL,NULL,7,1,7,1,'P','P','P','P','P','P','P','P','P'),(94,NULL,NULL,NULL,NULL,NULL,NULL,NULL,NULL,NULL,NULL,NULL,NULL,NULL,NULL,NULL,NULL,NULL,NULL,NULL,NULL,NULL,NULL,NULL,NULL,NULL,NULL,NULL,NULL,NULL,NULL,NULL,7,1,8,1,'P','P','P','P','P','P','P','P','P'),(95,NULL,NULL,NULL,NULL,NULL,NULL,NULL,NULL,NULL,NULL,NULL,NULL,NULL,NULL,NULL,NULL,NULL,NULL,NULL,NULL,NULL,NULL,NULL,NULL,NULL,NULL,NULL,NULL,NULL,NULL,NULL,7,1,9,1,'P','P','P','P','P','P','P','P','P'),(96,NULL,NULL,NULL,NULL,NULL,NULL,NULL,NULL,NULL,NULL,NULL,NULL,NULL,NULL,NULL,NULL,NULL,NULL,NULL,NULL,NULL,NULL,NULL,NULL,NULL,NULL,NULL,NULL,NULL,NULL,NULL,7,1,10,1,'P','P','P','P','P','P','P','P','P'),(97,NULL,NULL,NULL,NULL,NULL,NULL,NULL,NULL,NULL,NULL,NULL,NULL,NULL,NULL,NULL,NULL,NULL,NULL,NULL,NULL,NULL,NULL,NULL,NULL,NULL,NULL,NULL,NULL,NULL,NULL,NULL,7,1,11,1,'P','P','P','P','P','P','P','P','P'),(98,NULL,NULL,NULL,NULL,NULL,NULL,NULL,NULL,NULL,NULL,NULL,NULL,NULL,NULL,NULL,NULL,NULL,NULL,NULL,NULL,NULL,NULL,NULL,NULL,NULL,NULL,NULL,NULL,NULL,NULL,NULL,7,1,12,1,'P','P','P','P','P','P','P','P','P'),(99,NULL,NULL,NULL,NULL,NULL,NULL,NULL,NULL,NULL,NULL,NULL,NULL,NULL,NULL,NULL,NULL,NULL,NULL,NULL,NULL,NULL,NULL,NULL,NULL,NULL,NULL,NULL,NULL,NULL,NULL,NULL,7,1,13,1,'P','P','P','P','P','P','P','P','P'),(102,NULL,NULL,NULL,NULL,4,4,4,100,NULL,NULL,NULL,NULL,3,3,3,100,NULL,NULL,NULL,NULL,NULL,NULL,NULL,NULL,NULL,NULL,NULL,NULL,NULL,NULL,NULL,8,1,1,1,'P','P','P','P','P','P','P','P','P'),(103,NULL,NULL,NULL,NULL,NULL,NULL,NULL,NULL,NULL,NULL,NULL,NULL,NULL,NULL,NULL,NULL,NULL,NULL,NULL,NULL,NULL,NULL,NULL,NULL,NULL,NULL,NULL,NULL,NULL,NULL,NULL,8,1,2,1,'P','P','P','P','P','P','P','P','P'),(104,NULL,NULL,NULL,NULL,NULL,NULL,NULL,NULL,NULL,NULL,NULL,NULL,NULL,NULL,NULL,NULL,NULL,NULL,NULL,NULL,NULL,NULL,NULL,NULL,NULL,NULL,NULL,NULL,NULL,NULL,NULL,8,1,3,1,'P','P','P','P','P','P','P','P','P'),(105,NULL,NULL,NULL,NULL,NULL,NULL,NULL,NULL,NULL,NULL,NULL,NULL,NULL,NULL,NULL,NULL,NULL,NULL,NULL,NULL,NULL,NULL,NULL,NULL,NULL,NULL,NULL,NULL,NULL,NULL,NULL,8,1,4,1,'P','P','P','P','P','P','P','P','P'),(106,NULL,NULL,NULL,NULL,NULL,NULL,NULL,NULL,NULL,NULL,NULL,NULL,NULL,NULL,NULL,NULL,NULL,NULL,NULL,NULL,NULL,NULL,NULL,NULL,NULL,NULL,NULL,NULL,NULL,NULL,NULL,8,1,5,1,'P','P','P','P','P','P','P','P','P'),(107,NULL,NULL,NULL,NULL,NULL,NULL,NULL,NULL,NULL,NULL,NULL,NULL,NULL,NULL,NULL,NULL,NULL,NULL,NULL,NULL,NULL,NULL,NULL,NULL,NULL,NULL,NULL,NULL,NULL,NULL,NULL,8,1,6,1,'P','P','P','P','P','P','P','P','P'),(108,NULL,NULL,NULL,NULL,NULL,NULL,NULL,NULL,NULL,NULL,NULL,NULL,NULL,NULL,NULL,NULL,NULL,NULL,NULL,NULL,NULL,NULL,NULL,NULL,NULL,NULL,NULL,NULL,NULL,NULL,NULL,8,1,7,1,'P','P','P','P','P','P','P','P','P'),(109,NULL,NULL,NULL,NULL,NULL,NULL,NULL,NULL,NULL,NULL,NULL,NULL,NULL,NULL,NULL,NULL,NULL,NULL,NULL,NULL,NULL,NULL,NULL,NULL,NULL,NULL,NULL,NULL,NULL,NULL,NULL,8,1,8,1,'P','P','P','P','P','P','P','P','P'),(110,NULL,NULL,NULL,NULL,NULL,NULL,NULL,NULL,NULL,NULL,NULL,NULL,NULL,NULL,NULL,NULL,NULL,NULL,NULL,NULL,NULL,NULL,NULL,NULL,NULL,NULL,NULL,NULL,NULL,NULL,NULL,8,1,9,1,'P','P','P','P','P','P','P','P','P'),(111,NULL,NULL,NULL,NULL,NULL,NULL,NULL,NULL,NULL,NULL,NULL,NULL,NULL,NULL,NULL,NULL,NULL,NULL,NULL,NULL,NULL,NULL,NULL,NULL,NULL,NULL,NULL,NULL,NULL,NULL,NULL,8,1,10,1,'P','P','P','P','P','P','P','P','P'),(112,NULL,NULL,NULL,NULL,NULL,NULL,NULL,NULL,NULL,NULL,NULL,NULL,NULL,NULL,NULL,NULL,NULL,NULL,NULL,NULL,NULL,NULL,NULL,NULL,NULL,NULL,NULL,NULL,NULL,NULL,NULL,8,1,11,1,'P','P','P','P','P','P','P','P','P'),(113,NULL,NULL,NULL,NULL,NULL,NULL,NULL,NULL,NULL,NULL,NULL,NULL,NULL,NULL,NULL,NULL,NULL,NULL,NULL,NULL,NULL,NULL,NULL,NULL,NULL,NULL,NULL,NULL,NULL,NULL,NULL,8,1,12,1,'P','P','P','P','P','P','P','P','P'),(114,NULL,NULL,NULL,NULL,NULL,NULL,NULL,NULL,NULL,NULL,NULL,NULL,NULL,NULL,NULL,NULL,NULL,NULL,NULL,NULL,NULL,NULL,NULL,NULL,NULL,NULL,NULL,NULL,NULL,NULL,NULL,8,1,13,1,'P','P','P','P','P','P','P','P','P');

#
# Structure for table "inasistencias"
#

CREATE TABLE `inasistencias` (
  `idInasistencias` int(10) unsigned NOT NULL AUTO_INCREMENT,
  `Fecha` date DEFAULT NULL,
  `Lugar` enum('AULA','TALLER','ED FISICA','N/C') DEFAULT NULL,
  `Tipo` enum('AUSENTE','TARDE','SUSPENSION') DEFAULT NULL,
  `cantidad` double(3,2) unsigned NOT NULL DEFAULT '0.00',
  `Turno` enum('MAÑANA','TARDE','N/C') DEFAULT NULL,
  `idAlumnos` int(10) unsigned NOT NULL,
  `Justificacion` enum('SI','NO','N/C') DEFAULT NULL,
  `Nota` varchar(255) DEFAULT NULL,
  `idPeriodoLectivo` int(11) unsigned NOT NULL DEFAULT '0',
  PRIMARY KEY (`idInasistencias`,`idAlumnos`),
  KEY `fk_Inasistencias_Alumnos1_idx` (`idAlumnos`),
  KEY `periodo` (`idPeriodoLectivo`),
  CONSTRAINT `fk_Inasistencias_Alumnos1` FOREIGN KEY (`idAlumnos`) REFERENCES `alumnos` (`idAlumnos`) ON DELETE NO ACTION ON UPDATE NO ACTION,
  CONSTRAINT `periodo` FOREIGN KEY (`idPeriodoLectivo`) REFERENCES `periodolectivo` (`idPeriodoLectivo`) ON DELETE NO ACTION ON UPDATE NO ACTION
) ENGINE=InnoDB AUTO_INCREMENT=5 DEFAULT CHARSET=utf8;

#
# Data for table "inasistencias"
#

INSERT INTO `inasistencias` VALUES (1,'2017-09-19','AULA','AUSENTE',0.50,'MAÑANA',1,'NO',NULL,1),(2,'2017-09-13','AULA','AUSENTE',0.50,'MAÑANA',1,'NO',NULL,1),(3,'2017-09-11','AULA','AUSENTE',0.50,'MAÑANA',7,'NO',NULL,1),(4,'2017-09-13','N/C','SUSPENSION',1.00,'N/C',2,'N/C','POR MOLESTAR EN EL RECREO',1);

#
# Structure for table "alumnos_estan_en_cursos"
#

CREATE TABLE `alumnos_estan_en_cursos` (
  `idAlumnos` int(10) unsigned NOT NULL,
  `idCursos` int(10) unsigned NOT NULL,
  `Norden` int(11) DEFAULT NULL,
  `idPeriodoLectivo` int(11) unsigned NOT NULL DEFAULT '0',
  PRIMARY KEY (`idAlumnos`,`idCursos`,`idPeriodoLectivo`),
  KEY `fk_Alumnos_has_Cursos_Cursos1_idx` (`idCursos`),
  KEY `fk_Alumnos_has_Cursos_Alumnos1_idx` (`idAlumnos`),
  KEY `fk_Alumnos_has_Cursos_Periodo` (`idPeriodoLectivo`),
  CONSTRAINT `fk_Alumnos_has_Cursos_Alumnos1` FOREIGN KEY (`idAlumnos`) REFERENCES `alumnos` (`idAlumnos`) ON DELETE NO ACTION ON UPDATE NO ACTION,
  CONSTRAINT `fk_Alumnos_has_Cursos_Cursos1` FOREIGN KEY (`idCursos`) REFERENCES `cursos` (`idCursos`) ON DELETE NO ACTION ON UPDATE NO ACTION,
  CONSTRAINT `fk_Alumnos_has_Cursos_Periodo` FOREIGN KEY (`idPeriodoLectivo`) REFERENCES `periodolectivo` (`idPeriodoLectivo`) ON DELETE NO ACTION ON UPDATE NO ACTION
) ENGINE=InnoDB DEFAULT CHARSET=utf8;

#
# Data for table "alumnos_estan_en_cursos"
#

INSERT INTO `alumnos_estan_en_cursos` VALUES (1,1,1,1),(2,1,2,1),(3,1,3,1),(4,1,4,1),(5,1,5,1),(6,1,6,1),(7,1,7,1),(8,1,8,1);

#
# Structure for table "cuatrimestres"
#

CREATE TABLE `cuatrimestres` (
  `idCuatrimestres` int(10) unsigned NOT NULL AUTO_INCREMENT,
  `Cuatrimestre` enum('PRIMER','SEGUNDO') DEFAULT NULL,
  `idPeriodoLectivo` int(10) unsigned NOT NULL,
  PRIMARY KEY (`idCuatrimestres`),
  KEY `fk_Cuatrimestre_PeriodoLectivo1_idx` (`idPeriodoLectivo`),
  CONSTRAINT `fk_Cuatrimestre_PeriodoLectivo1` FOREIGN KEY (`idPeriodoLectivo`) REFERENCES `periodolectivo` (`idPeriodoLectivo`) ON DELETE NO ACTION ON UPDATE NO ACTION
) ENGINE=InnoDB AUTO_INCREMENT=3 DEFAULT CHARSET=utf8;

#
# Data for table "cuatrimestres"
#

INSERT INTO `cuatrimestres` VALUES (1,'PRIMER',1),(2,'SEGUNDO',1);

#
# Structure for table "profesores"
#

CREATE TABLE `profesores` (
  `idProfesores` int(10) unsigned NOT NULL AUTO_INCREMENT,
  `Nombre` varchar(45) DEFAULT NULL,
  `Apellido` varchar(45) DEFAULT NULL,
  `DNI` int(10) unsigned DEFAULT NULL,
  PRIMARY KEY (`idProfesores`)
) ENGINE=InnoDB AUTO_INCREMENT=14 DEFAULT CHARSET=utf8;

#
# Data for table "profesores"
#

INSERT INTO `profesores` VALUES (1,'RICARDO','CARVALHO',31568741),(2,'MATIAS','RUIZ HOLGADO',31001299),(3,'PABLO','LOBO',31020147),(4,'FEDERICO','LEIVA',30235789),(5,'GONZALO','RODRIGUEZ',35456987),(6,'LUCAS','ROBLES',31589460),(7,'BRUNO','ARAOZ',31001288),(8,'JUAN','DELGADO',31456987),(9,'JOSE','NARVAEZ',23456234),(10,'MARIO','RODRIGUEZ',13321987),(11,'SERGIO','PARRADO',12345678),(12,'VICTOR','MADE',32543321),(13,'RAUL','GONZALEZ',95654364);

#
# Structure for table "profesores_dictan_asignaturas_en_cursos"
#

CREATE TABLE `profesores_dictan_asignaturas_en_cursos` (
  `idProfesores` int(10) unsigned NOT NULL,
  `idAsignaturas` int(10) unsigned NOT NULL,
  `idCursos` int(11) unsigned NOT NULL DEFAULT '0',
  `idPeriodoLectivo` int(11) unsigned NOT NULL DEFAULT '0',
  PRIMARY KEY (`idProfesores`,`idAsignaturas`,`idCursos`,`idPeriodoLectivo`),
  KEY `fk_Profesores_has_Asignaturas_Asignaturas1_idx` (`idAsignaturas`),
  KEY `fk_Profesores_has_Asignaturas_Profesores1_idx` (`idProfesores`),
  KEY `fk_Profesores_has_Asignaturas_Cursos` (`idCursos`),
  KEY `idPeriodolectivo` (`idPeriodoLectivo`),
  CONSTRAINT `fk_Profesores_has_Asignaturas_Asignaturas1` FOREIGN KEY (`idAsignaturas`) REFERENCES `asignaturas` (`idAsignaturas`) ON DELETE NO ACTION ON UPDATE NO ACTION,
  CONSTRAINT `fk_Profesores_has_Asignaturas_Cursos` FOREIGN KEY (`idCursos`) REFERENCES `cursos` (`idCursos`) ON DELETE NO ACTION ON UPDATE NO ACTION,
  CONSTRAINT `fk_Profesores_has_Asignaturas_Profesores1` FOREIGN KEY (`idProfesores`) REFERENCES `profesores` (`idProfesores`) ON DELETE NO ACTION ON UPDATE NO ACTION,
  CONSTRAINT `profesores_dictan_asignaturas_en_cursos_ibfk_1` FOREIGN KEY (`idPeriodoLectivo`) REFERENCES `periodolectivo` (`idPeriodoLectivo`) ON DELETE NO ACTION ON UPDATE NO ACTION
) ENGINE=InnoDB DEFAULT CHARSET=utf8;

#
# Data for table "profesores_dictan_asignaturas_en_cursos"
#

INSERT INTO `profesores_dictan_asignaturas_en_cursos` VALUES (1,1,1,1),(1,2,1,1),(1,3,1,1),(1,4,1,1),(1,5,1,1),(1,6,1,1),(1,7,1,1),(1,8,1,1),(1,14,16,1),(1,17,19,1),(1,20,22,1),(1,23,25,1),(1,26,3,1),(1,29,6,1),(1,32,9,1),(1,35,12,1),(1,38,15,1),(1,41,18,1),(1,44,21,1),(1,47,24,1),(1,50,2,1),(1,53,5,1),(1,56,8,1),(1,59,11,1),(1,62,14,1),(1,65,17,1),(1,68,20,1),(1,71,23,1),(1,74,1,1),(1,77,4,1),(1,80,7,1),(1,83,10,1),(1,86,13,1),(1,89,16,1),(1,92,19,1),(1,95,22,1),(1,98,25,1),(1,101,3,1),(1,104,6,1),(1,107,9,1),(1,110,12,1),(1,113,15,1),(1,116,18,1),(1,119,21,1),(1,122,24,1),(1,125,2,1),(1,128,5,1),(1,131,8,1),(1,134,11,1),(1,137,14,1),(2,12,14,1),(2,15,17,1),(2,18,20,1),(2,21,23,1),(2,24,1,1),(2,27,4,1),(2,30,7,1),(2,33,10,1),(2,36,13,1),(2,39,16,1),(2,42,19,1),(2,45,22,1),(2,48,25,1),(2,51,3,1),(2,54,6,1),(2,57,9,1),(2,60,12,1),(2,63,15,1),(2,66,18,1),(2,69,21,1),(2,72,24,1),(2,75,2,1),(2,78,5,1),(2,81,8,1),(2,84,11,1),(2,87,14,1),(2,90,17,1),(2,93,20,1),(2,96,23,1),(2,99,1,1),(2,102,4,1),(2,105,7,1),(2,108,10,1),(2,111,13,1),(2,114,16,1),(2,117,19,1),(2,120,22,1),(2,123,25,1),(2,126,3,1),(2,129,6,1),(2,132,9,1),(2,136,13,1),(2,138,15,1),(3,13,15,1),(3,16,18,1),(3,19,21,1),(3,22,24,1),(3,25,2,1),(3,28,5,1),(3,31,8,1),(3,34,11,1),(3,37,14,1),(3,40,17,1),(3,43,20,1),(3,46,23,1),(3,49,1,1),(3,52,4,1),(3,55,7,1),(3,58,10,1),(3,61,13,1),(3,64,16,1),(3,67,19,1),(3,70,22,1),(3,73,25,1),(3,76,3,1),(3,79,6,1),(3,82,9,1),(3,85,12,1),(3,88,15,1),(3,91,18,1),(3,94,21,1),(3,97,24,1),(3,100,2,1),(3,103,5,1),(3,106,8,1),(3,109,11,1),(3,112,14,1),(3,115,17,1),(3,118,20,1),(3,121,23,1),(3,124,1,1),(3,127,4,1),(3,130,7,1),(3,133,10,1),(3,135,12,1),(9,9,1,1),(10,10,1,1),(11,11,1,1),(12,12,1,1),(13,13,1,1);

#
# Structure for table "sanciones"
#

CREATE TABLE `sanciones` (
  `idSanciones` int(11) NOT NULL AUTO_INCREMENT,
  `Denunciante` varchar(45) DEFAULT NULL,
  `Motivo` varchar(255) DEFAULT NULL,
  `Cantidad` int(11) DEFAULT NULL,
  `Fecha` date DEFAULT NULL,
  `idAlumnos` int(10) unsigned NOT NULL,
  `idPeriodoLectivo` int(11) unsigned NOT NULL DEFAULT '0',
  PRIMARY KEY (`idSanciones`,`idAlumnos`),
  KEY `fk_Sanciones_Alumnos1_idx` (`idAlumnos`),
  KEY `fk_Sanciones_PeriodoLectivo1` (`idPeriodoLectivo`),
  CONSTRAINT `fk_Sanciones_Alumnos1` FOREIGN KEY (`idAlumnos`) REFERENCES `alumnos` (`idAlumnos`) ON DELETE NO ACTION ON UPDATE NO ACTION,
  CONSTRAINT `fk_Sanciones_PeriodoLectivo1` FOREIGN KEY (`idPeriodoLectivo`) REFERENCES `periodolectivo` (`idPeriodoLectivo`) ON DELETE NO ACTION ON UPDATE NO ACTION
) ENGINE=InnoDB AUTO_INCREMENT=2 DEFAULT CHARSET=utf8;

#
# Data for table "sanciones"
#

INSERT INTO `sanciones` VALUES (1,'OMAR ESCOBAR','POR MOLESTAR EN EL RECREO',1,'2017-09-13',2,1);

#
# Structure for table "trabajospracticos"
#

CREATE TABLE `trabajospracticos` (
  `idTrabajosPracticos` int(10) unsigned NOT NULL AUTO_INCREMENT,
  `Nombre` varchar(45) DEFAULT NULL,
  `Numero` int(11) unsigned NOT NULL DEFAULT '0',
  `FechaAsignacion` date DEFAULT NULL,
  `FechaEntrega` date DEFAULT NULL,
  `idAsignaturas` int(10) unsigned NOT NULL,
  `idProfesores` int(10) unsigned NOT NULL,
  `idCursos` int(10) unsigned NOT NULL,
  `idCuatrimestre` int(10) unsigned NOT NULL,
  `idPeriodoLectivo` int(11) unsigned NOT NULL DEFAULT '0',
  PRIMARY KEY (`idTrabajosPracticos`),
  KEY `fk_TrabajosPracticos_Asignaturas1_idx` (`idAsignaturas`),
  KEY `fk_TrabajosPracticos_Profesores1_idx` (`idProfesores`),
  KEY `fk_TrabajosPracticos_Cursos1_idx` (`idCursos`),
  KEY `fk_TrabajosPracticos_Cuatrimestre1_idx` (`idCuatrimestre`),
  KEY `fk_TrabajosPracticos_PeriodoLectivo1` (`idPeriodoLectivo`),
  CONSTRAINT `fk_TrabajosPracticos_Asignaturas1` FOREIGN KEY (`idAsignaturas`) REFERENCES `asignaturas` (`idAsignaturas`) ON DELETE NO ACTION ON UPDATE NO ACTION,
  CONSTRAINT `fk_TrabajosPracticos_Cuatrimestre1` FOREIGN KEY (`idCuatrimestre`) REFERENCES `cuatrimestres` (`idCuatrimestres`) ON DELETE NO ACTION ON UPDATE NO ACTION,
  CONSTRAINT `fk_TrabajosPracticos_Cursos1` FOREIGN KEY (`idCursos`) REFERENCES `cursos` (`idCursos`) ON DELETE NO ACTION ON UPDATE NO ACTION,
  CONSTRAINT `fk_TrabajosPracticos_PeriodoLectivo1` FOREIGN KEY (`idPeriodoLectivo`) REFERENCES `periodolectivo` (`idPeriodoLectivo`) ON DELETE NO ACTION ON UPDATE NO ACTION,
  CONSTRAINT `fk_TrabajosPracticos_Profesores1` FOREIGN KEY (`idProfesores`) REFERENCES `profesores` (`idProfesores`) ON DELETE NO ACTION ON UPDATE NO ACTION
) ENGINE=InnoDB AUTO_INCREMENT=2 DEFAULT CHARSET=utf8;

#
# Data for table "trabajospracticos"
#

INSERT INTO `trabajospracticos` VALUES (1,'Alfabeto',1,'2017-07-07','2017-07-17',1,1,1,1,1);

#
# Structure for table "alumnos_presentan_trabajospracticos"
#

CREATE TABLE `alumnos_presentan_trabajospracticos` (
  `idAlumnos` int(10) unsigned NOT NULL,
  `idTrabajosPracticos` int(10) unsigned NOT NULL,
  `Estado` enum('APROBADO','DESAPROBADO') DEFAULT NULL,
  PRIMARY KEY (`idAlumnos`,`idTrabajosPracticos`),
  KEY `fk_Alumnos_has_TrabajosPracticos_TrabajosPracticos1_idx` (`idTrabajosPracticos`),
  KEY `fk_Alumnos_has_TrabajosPracticos_Alumnos1_idx` (`idAlumnos`),
  CONSTRAINT `fk_Alumnos_has_TrabajosPracticos_Alumnos1` FOREIGN KEY (`idAlumnos`) REFERENCES `alumnos` (`idAlumnos`) ON DELETE NO ACTION ON UPDATE NO ACTION,
  CONSTRAINT `fk_Alumnos_has_TrabajosPracticos_TrabajosPracticos1` FOREIGN KEY (`idTrabajosPracticos`) REFERENCES `trabajospracticos` (`idTrabajosPracticos`) ON DELETE NO ACTION ON UPDATE NO ACTION
) ENGINE=InnoDB DEFAULT CHARSET=utf8;

#
# Data for table "alumnos_presentan_trabajospracticos"
#


#
# Function "get_asignaturas"
#

CREATE FUNCTION `get_asignaturas`() RETURNS varchar(45) CHARSET utf8
BEGIN

RETURN @pr_asignaturas;
END;

#
# Function "get_curso"
#

CREATE FUNCTION `get_curso`() RETURNS varchar(45) CHARSET utf8
BEGIN

RETURN @pr_curso;
END;

#
# View "notas_alumnos"
#

CREATE
  ALGORITHM = UNDEFINED
  VIEW `notas_alumnos`
  AS
SELECT
  `alumnos`.`Legajo`,
  `alumnos`.`DNI`,
  `alumnos`.`Apellido`,
  `alumnos`.`Nombre`,
  `alumnos`.`idAlumnos`,
  `periodolectivo`.`Año`,
  `cursos`.`Numero`,
  `carreras`.`Nombre` AS 'carrera',
  `alumnos_estan_en_cursos`.`Norden`
FROM
  ((((`alumnos`
    JOIN `alumnos_estan_en_cursos` ON ((`alumnos_estan_en_cursos`.`idAlumnos` = `alumnos`.`idAlumnos`)))
    JOIN `cursos` ON ((`alumnos_estan_en_cursos`.`idCursos` = `cursos`.`idCursos`)))
    JOIN `periodolectivo` ON ((`periodolectivo`.`idPeriodoLectivo` = `alumnos_estan_en_cursos`.`idPeriodoLectivo`)))
    JOIN `carreras` ON ((`carreras`.`idCarreras` = `cursos`.`idCarreras`)));

#
# View "notas_libreta"
#

CREATE
  ALGORITHM = UNDEFINED
  VIEW `notas_libreta`
  AS
SELECT
  `asignaturas`.`Materia` AS 'materia',
  `alumnos_estan_en_cursos`.`Norden`,
  `alumnos`.`Apellido`,
  `alumnos`.`Nombre`,
  `notas`.`Concepto1`,
  `notas`.`Cuatrimestral1`,
  `notas`.`PromedioCuat1`,
  `notas`.`Concepto2`,
  `notas`.`Cuatrimestral2`,
  `notas`.`PromedioCuat2`,
  `notas`.`PromedioAnual`,
  `notas`.`PromedioAnualTp`,
  `notas`.`NotaDiciembre`,
  `notas`.`NotaMarzo`,
  (((`notas`.`NotaPrevia1` + `notas`.`NotaPrevia2`) + `notas`.`NotaPrevia3`) / 3) AS '(notas.NotaPrevia1 + notas.NotaPrevia2 + notas.NotaPrevia3) / 3',
  `notas`.`CalificacionDefinitiva`,
  `alumnos`.`idAlumnos`,
  `cursos`.`Numero`,
  `asignaturas`.`idAsignaturas`,
  `periodolectivo`.`Año`
FROM
  (((((`notas`
    JOIN `alumnos` ON ((`notas`.`idAlumnos` = `alumnos`.`idAlumnos`)))
    JOIN `cursos` ON ((`notas`.`idCursos` = `cursos`.`idCursos`)))
    JOIN `asignaturas` ON ((`notas`.`idAsignaturas` = `asignaturas`.`idAsignaturas`)))
    JOIN `alumnos_estan_en_cursos` ON ((`alumnos_estan_en_cursos`.`idAlumnos` = `alumnos`.`idAlumnos`)))
    JOIN `periodolectivo` ON ((`periodolectivo`.`idPeriodoLectivo` = `alumnos_estan_en_cursos`.`idPeriodoLectivo`)));

#
# View "vista_alumnos_simple"
#

CREATE
  ALGORITHM = UNDEFINED
  VIEW `vista_alumnos_simple`
  AS
SELECT
  `alumnos_estan_en_cursos`.`Norden`,
  `alumnos`.`Apellido`,
  `alumnos`.`Nombre`,
  `alumnos`.`idAlumnos`,
  `alumnos_estan_en_cursos`.`idPeriodoLectivo`,
  `cursos`.`Numero`
FROM
  ((`alumnos_estan_en_cursos`
    JOIN `alumnos` ON ((`alumnos_estan_en_cursos`.`idAlumnos` = `alumnos`.`idAlumnos`)))
    JOIN `cursos` ON ((`alumnos_estan_en_cursos`.`idCursos` = `cursos`.`idCursos`)));

#
# View "vista_carreras"
#

CREATE
  ALGORITHM = UNDEFINED
  VIEW `vista_carreras`
  AS
SELECT
  `asignaturas`.`Materia`, `cursos`.`Numero` AS 'Curso', `carreras`.`Nombre` AS 'Carrera'
FROM
  (((`asignaturas`
    JOIN `carreras` ON ((`asignaturas`.`idCarreras` = `carreras`.`idCarreras`)))
    JOIN `cursos` ON ((`cursos`.`idCarreras` = `carreras`.`idCarreras`)))
    JOIN `cursos_tienen_asignaturas` ON (((`cursos_tienen_asignaturas`.`idAsignaturas` = `asignaturas`.`idAsignaturas`) AND (`cursos_tienen_asignaturas`.`idCursos` = `cursos`.`idCursos`))))
WHERE
  (`carreras`.`Estado` = 'ACTIVA');

#
# View "vista_cursos"
#

CREATE
  ALGORITHM = UNDEFINED
  VIEW `vista_cursos`
  AS
SELECT
  `cursos`.`Numero`, `carreras`.`Nombre` AS 'carrera'
FROM
  (`cursos`
    JOIN `carreras` ON ((`cursos`.`idCarreras` = `carreras`.`idCarreras`)))
WHERE
  (`carreras`.`Estado` = 'ACTIVA');

#
# View "vista_datostp"
#

CREATE
  ALGORITHM = UNDEFINED
  VIEW `vista_datostp`
  AS
SELECT
  `asignaturas`.`idAsignaturas`,
  `cursos`.`idCursos`,
  `profesores`.`idProfesores`,
  `profesores_dictan_asignaturas_en_cursos`.`idPeriodoLectivo`,
  `cuatrimestres`.`idCuatrimestres`,
  `asignaturas`.`Materia`,
  `cursos`.`Numero` AS 'Curso',
  `cuatrimestres`.`Cuatrimestre`
FROM
  ((((`asignaturas`
    JOIN `profesores_dictan_asignaturas_en_cursos` ON ((`profesores_dictan_asignaturas_en_cursos`.`idAsignaturas` = `asignaturas`.`idAsignaturas`)))
    JOIN `cursos` ON ((`profesores_dictan_asignaturas_en_cursos`.`idCursos` = `cursos`.`idCursos`)))
    JOIN `profesores` ON ((`profesores_dictan_asignaturas_en_cursos`.`idProfesores` = `profesores`.`idProfesores`)))
    JOIN `cuatrimestres` ON ((`profesores_dictan_asignaturas_en_cursos`.`idPeriodoLectivo` = `cuatrimestres`.`idPeriodoLectivo`)));

#
# View "vista_faltas_suspensiones"
#

CREATE
  ALGORITHM = UNDEFINED
  VIEW `vista_faltas_suspensiones`
  AS
SELECT
  `alumnos_estan_en_cursos`.`Norden`,
  `alumnos`.`Apellido`,
  `alumnos`.`Nombre`,
  SUM((CASE WHEN (`inasistencias`.`Justificacion` = 'SI') THEN `inasistencias`.`cantidad` ELSE 0 END)) AS 'justificadas',
  SUM((CASE WHEN (`inasistencias`.`Justificacion` = 'NO') THEN `inasistencias`.`cantidad` ELSE 0 END)) AS 'injustificadas',
  SUM((CASE WHEN (`inasistencias`.`Tipo` = 'SUSPENSION') THEN `inasistencias`.`cantidad` ELSE 0 END)) AS 'suspensiones',
  SUM(`inasistencias`.`cantidad`) AS 'Totales',
  `alumnos`.`idAlumnos`,
  `alumnos_estan_en_cursos`.`idPeriodoLectivo`,
  `cursos`.`Numero`
FROM
  (`cursos`
    LEFT JOIN (`alumnos_estan_en_cursos`
      LEFT JOIN (`alumnos`
        LEFT JOIN `inasistencias` ON ((`inasistencias`.`idAlumnos` = `alumnos`.`idAlumnos`))) ON ((`alumnos_estan_en_cursos`.`idAlumnos` = `alumnos`.`idAlumnos`))) ON ((`alumnos_estan_en_cursos`.`idCursos` = `cursos`.`idCursos`)))
GROUP BY
  `alumnos_estan_en_cursos`.`Norden`;

#
# View "vista_inasistencias"
#

CREATE
  ALGORITHM = UNDEFINED
  VIEW `vista_inasistencias`
  AS
SELECT
  `alumnos_estan_en_cursos`.`Norden`,
  `alumnos`.`Apellido`,
  `alumnos`.`Nombre`,
  SUM((CASE WHEN (`inasistencias`.`Justificacion` = 'SI') THEN `inasistencias`.`cantidad` ELSE 0 END)) AS 'justificadas',
  SUM((CASE WHEN (`inasistencias`.`Justificacion` = 'NO') THEN `inasistencias`.`cantidad` ELSE 0 END)) AS 'injustificadas',
  SUM((CASE WHEN (`inasistencias`.`Tipo` = 'SUSPENSION') THEN `inasistencias`.`cantidad` ELSE 0 END)) AS 'suspensiones',
  SUM(`inasistencias`.`cantidad`) AS 'Total',
  `alumnos`.`idAlumnos`,
  `alumnos_estan_en_cursos`.`idPeriodoLectivo`,
  `cursos`.`Numero`
FROM
  (((`alumnos_estan_en_cursos`
    JOIN `alumnos` ON ((`alumnos_estan_en_cursos`.`idAlumnos` = `alumnos`.`idAlumnos`)))
    JOIN `cursos` ON ((`alumnos_estan_en_cursos`.`idCursos` = `cursos`.`idCursos`)))
    LEFT JOIN `inasistencias` ON ((`inasistencias`.`idAlumnos` = `alumnos`.`idAlumnos`)))
GROUP BY
  `alumnos_estan_en_cursos`.`Norden`, `alumnos`.`Apellido`, `alumnos`.`Nombre`, `alumnos`.`idAlumnos`, `alumnos_estan_en_cursos`.`idPeriodoLectivo`, `cursos`.`Numero`;

#
# View "vista_justificaciones"
#

CREATE
  ALGORITHM = UNDEFINED
  VIEW `vista_justificaciones`
  AS
SELECT
  `alumnos_estan_en_cursos`.`Norden`,
  `alumnos`.`Apellido`,
  `alumnos`.`Nombre`,
  SUM((CASE WHEN (`inasistencias`.`Justificacion` = 'SI') THEN `inasistencias`.`cantidad` ELSE 0 END)) AS 'justificadas',
  SUM((CASE WHEN (`inasistencias`.`Justificacion` = 'NO') THEN `inasistencias`.`cantidad` ELSE 0 END)) AS 'injustificadas',
  SUM((CASE WHEN (`inasistencias`.`Tipo` = 'SUSPENSION') THEN `inasistencias`.`cantidad` ELSE 0 END)) AS 'suspensiones',
  SUM(`inasistencias`.`cantidad`) AS 'Totales',
  `alumnos`.`idAlumnos`,
  `alumnos_estan_en_cursos`.`idPeriodoLectivo`,
  `cursos`.`Numero`
FROM
  (((`alumnos`
    JOIN `inasistencias` ON ((`inasistencias`.`idAlumnos` = `alumnos`.`idAlumnos`)))
    JOIN `alumnos_estan_en_cursos` ON ((`alumnos_estan_en_cursos`.`idAlumnos` = `alumnos`.`idAlumnos`)))
    JOIN `cursos` ON ((`alumnos_estan_en_cursos`.`idCursos` = `cursos`.`idCursos`)))
GROUP BY
  `alumnos_estan_en_cursos`.`Norden`;

#
# View "vista_materias"
#

CREATE
  ALGORITHM = UNDEFINED
  VIEW `vista_materias`
  AS
SELECT
  `asignaturas`.`Materia`, `cursos`.`Numero` AS 'Curso', `carreras`.`Nombre` AS 'Carrera'
FROM
  (((`asignaturas`
    JOIN `carreras` ON ((`asignaturas`.`idCarreras` = `carreras`.`idCarreras`)))
    JOIN `cursos` ON ((`cursos`.`idCarreras` = `carreras`.`idCarreras`)))
    JOIN `cursos_tienen_asignaturas` ON (((`cursos_tienen_asignaturas`.`idAsignaturas` = `asignaturas`.`idAsignaturas`) AND (`cursos_tienen_asignaturas`.`idCursos` = `cursos`.`idCursos`))))
WHERE
  ((`asignaturas`.`Materia` <> 'TUTORIA I')
    AND (`asignaturas`.`Materia` <> 'TUTORIA II')
    AND (`asignaturas`.`Materia` <> 'TUTORIA III')
    AND (`asignaturas`.`Materia` <> 'TUTORIA IV')
    AND (`asignaturas`.`Materia` <> 'TUTORIA V')
    AND (`asignaturas`.`Materia` <> 'TUTORIA VI')
    AND (`asignaturas`.`Materia` <> 'TUTORIA VII'));

#
# View "vista_notas"
#

CREATE
  ALGORITHM = UNDEFINED
  VIEW `vista_notas`
  AS
SELECT
  `alumnos_estan_en_cursos`.`Norden`,
  `alumnos`.`Apellido`,
  `alumnos`.`Nombre`,
  `notas`.`Diagnostico1`,
  `notas`.`Concepto1`,
  `notas`.`Cuatrimestral1`,
  `notas`.`PromedioCuat1`,
  `notas`.`TpAsignados1`,
  `notas`.`TpPresentados1`,
  `notas`.`TpAprobados1`,
  `notas`.`PromedioTp1`,
  `notas`.`Diagnostico2`,
  `notas`.`Concepto2`,
  `notas`.`Cuatrimestral2`,
  `notas`.`PromedioCuat2`,
  `notas`.`TpAsignados2`,
  `notas`.`TpPresentados2`,
  `notas`.`TpAprobados2`,
  `notas`.`PromedioTp2`,
  `notas`.`PromedioAnual`,
  `notas`.`PromedioAnualTp`,
  `notas`.`NotaDiciembre`,
  `notas`.`RecuperaTp` AS 'RecuperaTP',
  `notas`.`NotaMarzo`,
  `notas`.`CalificacionDefinitiva`,
  `notas`.`FechaAprobado`,
  `notas`.`libro`,
  `notas`.`folio`,
  `alumnos`.`idAlumnos`,
  `cursos`.`idCursos`,
  `asignaturas`.`idAsignaturas`,
  `alumnos_estan_en_cursos`.`idPeriodoLectivo`,
  `asignaturas`.`Tipo`,
  `cursos`.`Numero`,
  `asignaturas`.`Materia`
FROM
  ((((`notas`
    JOIN `alumnos` ON ((`notas`.`idAlumnos` = `alumnos`.`idAlumnos`)))
    JOIN `cursos` ON ((`notas`.`idCursos` = `cursos`.`idCursos`)))
    JOIN `asignaturas` ON ((`notas`.`idAsignaturas` = `asignaturas`.`idAsignaturas`)))
    JOIN `alumnos_estan_en_cursos` ON (((`alumnos_estan_en_cursos`.`idAlumnos` = `alumnos`.`idAlumnos`) AND (`alumnos_estan_en_cursos`.`idCursos` = `cursos`.`idCursos`))));

#
# View "vista_previas"
#

CREATE
  ALGORITHM = UNDEFINED
  VIEW `vista_previas`
  AS
SELECT
  `alumnos_estan_en_cursos`.`Norden`,
  `alumnos`.`Apellido`,
  `alumnos`.`Nombre`,
  `notas`.`PromedioAnual` AS 'Anual',
  `notas`.`RecuperaTpPrevia1`,
  `notas`.`NotaPrevia1`,
  `notas`.`RecuperaTpPrevia2`,
  `notas`.`NotaPrevia2`,
  `notas`.`RecuperaTpPrevia3`,
  `notas`.`NotaPrevia3`,
  `notas`.`CalificacionDefinitiva`,
  `notas`.`FechaAprobado`,
  `notas`.`libro`,
  `notas`.`folio`,
  `alumnos`.`idAlumnos`,
  `cursos`.`idCursos`,
  `asignaturas`.`idAsignaturas`,
  `alumnos_estan_en_cursos`.`idPeriodoLectivo`,
  `cursos`.`Numero`,
  `asignaturas`.`Materia`,
  `notas`.`RecuperaTp`
FROM
  ((((`notas`
    JOIN `alumnos` ON ((`notas`.`idAlumnos` = `alumnos`.`idAlumnos`)))
    JOIN `cursos` ON ((`notas`.`idCursos` = `cursos`.`idCursos`)))
    JOIN `asignaturas` ON ((`notas`.`idAsignaturas` = `asignaturas`.`idAsignaturas`)))
    JOIN `alumnos_estan_en_cursos` ON (((`alumnos_estan_en_cursos`.`idAlumnos` = `alumnos`.`idAlumnos`) AND (`alumnos_estan_en_cursos`.`idCursos` = `cursos`.`idCursos`))))
WHERE
  ((ISNULL(`notas`.`CalificacionDefinitiva`) AND (`notas`.`PromedioAnual` IS NOT NULL) AND (`notas`.`NotaMarzo` < '4')) OR (`notas`.`RecuperaTp` = 'DESAPROBADO'));

#
# Procedure "alta_alumnos_tienen_familiares"
#

CREATE PROCEDURE `alta_alumnos_tienen_familiares`(IN _idalumnos int, IN _idfamiliares int, IN _parentesco enum('MADRE','PADRE','TUTOR'))
BEGIN
DECLARE f, a int;
DECLARE p enum('MADRE','PADRE','TUTOR');
SET f=_idfamiliares;
SET a=_idalumnos;
SET p=_parentesco;
IF (SELECT count(idAlumnos) from  Alumnos WHERE idAlumnos=a) = 1 THEN
IF (SELECT count(idFamiliares) from  Familiares WHERE idFamiliares=f) = 1 THEN
IF (SELECT count(*) from  alumnos_tienen_familiares WHERE idFamiliares=f AND idAlumnos=a) < 1 THEN
INSERT INTO alumnos_tienen_familiares (idFamiliares, idAlumnos, Parentesco) VALUES (f, a, p);
END IF;
END IF;
END IF;
END;

#
# Procedure "altaAlumnos"
#

CREATE PROCEDURE `altaAlumnos`(IN _nombre varchar(45),
IN _apellido varchar(45),
IN _dni int(11),
IN _FechaNac date,
IN _direccion varchar(100),
IN _localidad varchar(100),
IN _telefono int(11) unsigned,
IN _mail varchar(100),
IN _legajo int(11),
IN _estado enum('REGULAR','LIBRE','EGRESADO'))
BEGIN
declare d INT(11);
SET d=_dni;
IF (SELECT count(*) from  alumnos WHERE DNI=d) < 1 THEN
INSERT INTO alumnos (Nombre, Apellido, DNI, FechaNac, Direccion, Localidad, Telefono, Mail, Legajo, Estado) VALUES (_nombre, _apellido, _dni, _FechaNac, _direccion, _localidad, _telefono, _mail, _legajo, _estado);
END IF;
END;

#
# Procedure "altaAlumnosEstanEnCursos"
#

CREATE PROCEDURE `altaAlumnosEstanEnCursos`(IN _idalumnos int unsigned,
 IN _idcursos int unsigned, IN _norden int unsigned, IN _idperiodos int unsigned)
BEGIN
declare a, c, p int unsigned;
SET a=_idalumnos;
SET c=_idcursos;
SET p=_idperiodos;
IF (SELECT count(*) from  alumnos_estan_en_cursos WHERE idAlumnos=a AND idCursos=c AND idPeriodoLectivo=p)<1 THEN
INSERT INTO alumnos_estan_en_cursos (idAlumnos, idCursos, Norden, idPeriodoLectivo) VALUES (a, c, _norden, p);
INSERT INTO notas (idAlumnos, idAsignaturas, idPeriodoLectivo, idCursos) SELECT
alumnos.idAlumnos,
asignaturas.idAsignaturas,
alumnos_estan_en_cursos.idPeriodoLectivo,
cursos.idCursos
FROM
alumnos
INNER JOIN alumnos_estan_en_cursos ON alumnos_estan_en_cursos.idAlumnos = alumnos.idAlumnos
INNER JOIN cursos ON alumnos_estan_en_cursos.idCursos = cursos.idCursos
INNER JOIN cursos_tienen_asignaturas ON cursos_tienen_asignaturas.idCursos = cursos.idCursos
INNER JOIN asignaturas ON cursos_tienen_asignaturas.idAsignaturas = asignaturas.idAsignaturas
LEFT OUTER JOIN profesores_dictan_asignaturas_en_cursos ON profesores_dictan_asignaturas_en_cursos.idAsignaturas = asignaturas.idAsignaturas AND profesores_dictan_asignaturas_en_cursos.idCursos = cursos.idCursos
WHERE
alumnos.idAlumnos = a;
END IF;
END;

#
# Procedure "altaAsignaturas"
#

CREATE PROCEDURE `altaAsignaturas`(IN _nombre varchar(45),
IN _tipo enum('OBLIGATORIA', 'EXIMIBLE'), IN _carrera int unsigned, IN _curso varchar(45))
BEGIN
declare n, cu varchar(45);
declare ca, contador, id int unsigned;

SET n=_nombre;
SET cu=_curso;
SET ca=_carrera;
SET contador=1;

IF (SELECT count(*) from  asignaturas WHERE Nombre=n AND idCarreras=ca) < 1 THEN

INSERT INTO asignaturas (Nombre, Tipo, idCarreras) VALUES (_nombre, _tipo, ca);

SET id=(SELECT idAsignaturas from asignaturas WHERE Nombre= n);

WHILE contador<=(SELECT count(*) from cursos) DO

IF (SELECT Numero from cursos WHERE idCursos=contador AND idCarreras=ca)= cu THEN

INSERT INTO cursos_tienen_asignaturas (idCursos, idAsignaturas) VALUES (contador, id);

END IF;

SET contador = contador + 1;
END WHILE;
END IF;
END;

#
# Procedure "altaCarreras"
#

CREATE PROCEDURE `altaCarreras`(IN _nombre varchar(45))
BEGIN
declare n varchar(45);
SET n=_nombre;
IF (SELECT count(*) from  carreras WHERE Nombre=n) < 1 THEN
INSERT INTO carreras (Nombre) VALUES (_nombre);
END IF;

END;

#
# Procedure "altaCorrelativas"
#

CREATE PROCEDURE `altaCorrelativas`(IN _idasignatura int unsigned, 
IN _idcorrelativa int unsigned, IN _examen enum ('APROBADA','REGULAR'), 
IN _cursado enum('APROBADA','REGULAR'))
BEGIN
declare a, c int unsigned;
SET a=_idasignatura;
SET c=_idcorrelativa;
IF (a<>c) THEN
IF (SELECT count(*) from  asignaturas_tienen_correlativas WHERE idAsignaturas=a AND idAsignaturasc=c)<1 THEN
INSERT INTO asignaturas_tienen_correlativas (idAsignaturas, idAsignaturasc, Condicion_Examen, Condicion_Cursado) VALUES (a, c, _examen, _cursado);
END IF;
END IF;
END;

#
# Procedure "altaCuatrimestres"
#

CREATE PROCEDURE `altaCuatrimestres`(_idperiodo int unsigned)
BEGIN
declare p int unsigned;
SET p=_idperiodo;
IF (SELECT count(*) from  cuatrimestres WHERE idPeriodoLectivo=p) < 1 THEN
INSERT INTO cuatrimestres (Cuatrimestre, idPeriodoLectivo) VALUES ('PRIMER', _idperiodo);
INSERT INTO cuatrimestres (Cuatrimestre, idPeriodoLectivo) VALUES ('SEGUNDO', _idperiodo);
END IF;

END;

#
# Procedure "altaCursos"
#

CREATE PROCEDURE `altaCursos`(IN _numero VARCHAR(10), IN _idcarreras int unsigned)
BEGIN
declare n VARCHAR(10);
declare c int unsigned;
SET n=_numero;
SET c=_idcarreras;
IF (SELECT count(*) from  cursos WHERE Numero=n AND idCarreras=c) < 1 THEN
INSERT INTO cursos (Numero, idCarreras) VALUES (_numero, _idcarreras);
END IF;

END;

#
# Procedure "altaCursosTienenAsignaturas"
#

CREATE PROCEDURE `altaCursosTienenAsignaturas`(IN _idcurso int unsigned, 
IN _idasignatura int unsigned)
BEGIN
declare c, a int unsigned;
SET c=_idcurso;
SET a=_idasignatura;
IF (SELECT count(*) from  cursos_tienen_asignaturas WHERE idCursos=c AND idAsignaturas=a)<1 THEN
INSERT INTO cursos_tienen_asignaturas (idCursos, idAsignaturas) VALUES (c, a);
END IF;
END;

#
# Procedure "altaFamiliares"
#

CREATE PROCEDURE `altaFamiliares`(IN _nombre varchar(45),
IN _apellido varchar(45),
IN _dni int(11),
IN _FechaNac date,
IN _direccion varchar(100),
IN _localidad varchar(100),
IN _telefono int(11) unsigned,
IN _estadoCivil enum('SOLTERO/A', 'CASADO/A', 'DIVORCIADO/A', 'VIUDO/A'),
IN _ocupacion varchar(100),
IN _mail varchar(100),
IN _celular int(11) unsigned)
BEGIN
declare d INT(11);
SET d=_dni;
IF (SELECT count(*) from  familiares WHERE DNI=d) < 1 THEN
INSERT INTO familiares (Nombre, Apellido, DNI, FechaNac, Direccion, Localidad, Telefono, EstadoCivil, Ocupacion, Mail, Celular) VALUES (_nombre, _apellido, _dni, _FechaNac, _direccion, _localidad, _telefono, _estadoCivil, _ocupacion, _mail, _celular);
END IF;

END;

#
# Procedure "altaInasistencias"
#

CREATE PROCEDURE `altaInasistencias`(IN _fecha date, 
IN _lugar enum('AULA', 'TALLER', 'ED FISICA'), IN _tipo enum('TARDE', 'AUSENTE'),
IN _turno enum('MAÑANA', 'TARDE'), IN _idalumnos INT UNSIGNED, 
IN _justificacion enum ('SI', 'NO'), IN _nota varchar(255), IN _idperiodolectivo int)
BEGIN
declare id INT(11);

SET id=_idalumnos;


IF _tipo = 'AUSENTE' THEN
INSERT INTO inasistencias (Fecha, Lugar, Tipo, Cantidad, Turno, idAlumnos, Justificacion, Nota, idPeriodoLectivo) VALUES (_fecha, _lugar, _tipo, 0.5, _turno, _idalumnos, _justificacion, _nota, _idperiodolectivo);
ELSE 
INSERT INTO inasistencias (Fecha, Lugar, Tipo, Cantidad, Turno, idAlumnos, Justificacion, Nota, idPeriodoLectivo) VALUES (_fecha, _lugar, _tipo, 0.25, _turno, _idalumnos, _justificacion, _nota, _idperiodolectivo);
END IF;

END;

#
# Procedure "altaNotas"
#

CREATE PROCEDURE `altaNotas`(
 IN _diagnostico1 INT ,
 IN _concepto1 INT , IN _cuatrimestral1 DOUBLE ,
 IN _promedioCuat1 DOUBLE , IN _tpAsignados1 INT ,
 IN _tpPresentados1 INT , IN _tpAprobados1 INT ,
 IN _promedioTp1 INT , IN _diagnostico2 INT , 
 IN _concepto2 INT , IN _cuatrimestral2 DOUBLE , 
 IN _promedioCuat2 DOUBLE , IN _tpAsignados2 INT , 
 IN _tpPresentados2 INT , IN _tpAprobados2 INT , 
 IN _promedioTp2 INT , IN _promedioAnual DOUBLE , 
 IN _promedioAnualTp INT , IN _notaDiciembre INT , 
 IN _recuperaTP ENUM('APROBADO','DESAPROBADO'), 
 IN _notaMarzo INT , IN _calificacionDefinitiva DOUBLE, 
 IN _fechaAprobado date, IN _libro INT , IN _folio INT , 
 IN _idAlumnos INT , IN _idCursos INT , IN _idAsignaturas INT , 
 IN _idPeriodoLectivo INT )
BEGIN
IF (SELECT count(*) from  alumnos_estan_en_cursos WHERE idAlumnos=_idAlumnos AND idCursos=_idCursos AND idPeriodoLectivo=_idPeriodoLectivo)=1 THEN


/*DIAGNOSTICO 1*/
if(SELECT count(Diagnostico1) from notas where idAlumnos=_idAlumnos AND idCursos=_idCursos AND idPeriodoLectivo=_idPeriodoLectivo AND idAsignaturas=_idAsignaturas)=0 then
UPDATE notas SET Diagnostico1 = _diagnostico1 where idAlumnos=_idAlumnos AND idCursos=_idCursos AND idPeriodoLectivo=_idPeriodoLectivo AND idAsignaturas=_idAsignaturas;
end if;


/*Concepto1*/
if(SELECT count(Concepto1) from notas where idAlumnos=_idAlumnos AND idCursos=_idCursos AND idPeriodoLectivo=_idPeriodoLectivo AND idAsignaturas=_idAsignaturas)=0 then
UPDATE notas SET Concepto1 = _concepto1 where idAlumnos=_idAlumnos AND idCursos=_idCursos AND idPeriodoLectivo=_idPeriodoLectivo AND idAsignaturas=_idAsignaturas;
end if;


/*Cuatrimestral1*/
if(SELECT count(Cuatrimestral1) from notas where idAlumnos=_idAlumnos AND idCursos=_idCursos AND idPeriodoLectivo=_idPeriodoLectivo AND idAsignaturas=_idAsignaturas)=0 then
UPDATE notas SET Cuatrimestral1 = _cuatrimestral1 where idAlumnos=_idAlumnos AND idCursos=_idCursos AND idPeriodoLectivo=_idPeriodoLectivo AND idAsignaturas=_idAsignaturas;
end if;


/*promedio1*/
if(SELECT count(PromedioCuat1) from notas where idAlumnos=_idAlumnos AND idCursos=_idCursos AND idPeriodoLectivo=_idPeriodoLectivo AND idAsignaturas=_idAsignaturas)=0 then
UPDATE notas SET PromedioCuat1 = _promedioCuat1 where idAlumnos=_idAlumnos AND idCursos=_idCursos AND idPeriodoLectivo=_idPeriodoLectivo AND idAsignaturas=_idAsignaturas;
end if;


/*TpAsignados1*/
if(SELECT count(TpAsignados1) from notas where idAlumnos=_idAlumnos AND idCursos=_idCursos AND idPeriodoLectivo=_idPeriodoLectivo AND idAsignaturas=_idAsignaturas)=0 then
UPDATE notas SET TpAsignados1 = _tpAsignados1 where idAlumnos=_idAlumnos AND idCursos=_idCursos AND idPeriodoLectivo=_idPeriodoLectivo AND idAsignaturas=_idAsignaturas;
end if;


/*TpPresentados1*/
if(SELECT count(TpPresentados1) from notas where idAlumnos=_idAlumnos AND idCursos=_idCursos AND idPeriodoLectivo=_idPeriodoLectivo AND idAsignaturas=_idAsignaturas)=0 then
UPDATE notas SET TpPresentados1 = _tpPresentados1 where idAlumnos=_idAlumnos AND idCursos=_idCursos AND idPeriodoLectivo=_idPeriodoLectivo AND idAsignaturas=_idAsignaturas;
end if;


/*TpAprobados1*/
if(SELECT count(TpAprobados1) from notas where idAlumnos=_idAlumnos AND idCursos=_idCursos AND idPeriodoLectivo=_idPeriodoLectivo AND idAsignaturas=_idAsignaturas)=0 then
UPDATE notas SET TpAprobados1 = _tpAprobados1 where idAlumnos=_idAlumnos AND idCursos=_idCursos AND idPeriodoLectivo=_idPeriodoLectivo AND idAsignaturas=_idAsignaturas;
end if;



/*PromedioTp1*/
if(SELECT count(PromedioTp1) from notas where idAlumnos=_idAlumnos AND idCursos=_idCursos AND idPeriodoLectivo=_idPeriodoLectivo AND idAsignaturas=_idAsignaturas)=0 then
UPDATE notas SET PromedioTp1 = _promedioTp1 where idAlumnos=_idAlumnos AND idCursos=_idCursos AND idPeriodoLectivo=_idPeriodoLectivo AND idAsignaturas=_idAsignaturas;
end if;


/*Diagnostico2*/
if(SELECT count(Diagnostico2) from notas where idAlumnos=_idAlumnos AND idCursos=_idCursos AND idPeriodoLectivo=_idPeriodoLectivo AND idAsignaturas=_idAsignaturas)=0 then
UPDATE notas SET Diagnostico2 = _diagnostico2 where idAlumnos=_idAlumnos AND idCursos=_idCursos AND idPeriodoLectivo=_idPeriodoLectivo AND idAsignaturas=_idAsignaturas;
end if;


/*Concepto2*/
if(SELECT count(Concepto2) from notas where idAlumnos=_idAlumnos AND idCursos=_idCursos AND idPeriodoLectivo=_idPeriodoLectivo AND idAsignaturas=_idAsignaturas)=0 then
UPDATE notas SET Concepto2 = _concepto2 where idAlumnos=_idAlumnos AND idCursos=_idCursos AND idPeriodoLectivo=_idPeriodoLectivo AND idAsignaturas=_idAsignaturas;
end if;


/*Cuatrimestral2*/
if(SELECT count(Cuatrimestral2) from notas where idAlumnos=_idAlumnos AND idCursos=_idCursos AND idPeriodoLectivo=_idPeriodoLectivo AND idAsignaturas=_idAsignaturas)=0 then
UPDATE notas SET Cuatrimestral2 = _cuatrimestral2 where idAlumnos=_idAlumnos AND idCursos=_idCursos AND idPeriodoLectivo=_idPeriodoLectivo AND idAsignaturas=_idAsignaturas;
end if;


/*PromedioCuat2*/
if(SELECT count(PromedioCuat2) from notas where idAlumnos=_idAlumnos AND idCursos=_idCursos AND idPeriodoLectivo=_idPeriodoLectivo AND idAsignaturas=_idAsignaturas)=0 then
UPDATE notas SET PromedioCuat2 = _promedioCuat2 where idAlumnos=_idAlumnos AND idCursos=_idCursos AND idPeriodoLectivo=_idPeriodoLectivo AND idAsignaturas=_idAsignaturas;
end if;


/*TpAsignados2*/
if(SELECT count(TpAsignados2) from notas where idAlumnos=_idAlumnos AND idCursos=_idCursos AND idPeriodoLectivo=_idPeriodoLectivo AND idAsignaturas=_idAsignaturas)=0 then
UPDATE notas SET TpAsignados2 = _tpAsignados2 where idAlumnos=_idAlumnos AND idCursos=_idCursos AND idPeriodoLectivo=_idPeriodoLectivo AND idAsignaturas=_idAsignaturas;
end if;


/*TpPresentados2*/
if(SELECT count(TpPresentados2) from notas where idAlumnos=_idAlumnos AND idCursos=_idCursos AND idPeriodoLectivo=_idPeriodoLectivo AND idAsignaturas=_idAsignaturas)=0 then
UPDATE notas SET TpPresentados2 = _tpPresentados2 where idAlumnos=_idAlumnos AND idCursos=_idCursos AND idPeriodoLectivo=_idPeriodoLectivo AND idAsignaturas=_idAsignaturas;
end if;


/*TpAprobados2*/
if(SELECT count(TpAprobados2) from notas where idAlumnos=_idAlumnos AND idCursos=_idCursos AND idPeriodoLectivo=_idPeriodoLectivo AND idAsignaturas=_idAsignaturas)=0 then
UPDATE notas SET TpAprobados2 = _tpAprobados2 where idAlumnos=_idAlumnos AND idCursos=_idCursos AND idPeriodoLectivo=_idPeriodoLectivo AND idAsignaturas=_idAsignaturas;
end if;


/*PromedioTp2*/
if(SELECT count(PromedioTp2) from notas where idAlumnos=_idAlumnos AND idCursos=_idCursos AND idPeriodoLectivo=_idPeriodoLectivo AND idAsignaturas=_idAsignaturas)=0 then
UPDATE notas SET PromedioTp2 = _promedioTp2 where idAlumnos=_idAlumnos AND idCursos=_idCursos AND idPeriodoLectivo=_idPeriodoLectivo AND idAsignaturas=_idAsignaturas;
end if;


/*PromedioAnual*/
if(SELECT count(PromedioAnual) from notas where idAlumnos=_idAlumnos AND idCursos=_idCursos AND idPeriodoLectivo=_idPeriodoLectivo AND idAsignaturas=_idAsignaturas)=0 then
UPDATE notas SET PromedioAnual = _promedioAnual where idAlumnos=_idAlumnos AND idCursos=_idCursos AND idPeriodoLectivo=_idPeriodoLectivo AND idAsignaturas=_idAsignaturas;
end if;


/*PromedioAnualTp*/
if(SELECT count(PromedioAnualTp) from notas where idAlumnos=_idAlumnos AND idCursos=_idCursos AND idPeriodoLectivo=_idPeriodoLectivo AND idAsignaturas=_idAsignaturas)=0 then
UPDATE notas SET PromedioAnualTp = _promedioAnualTp where idAlumnos=_idAlumnos AND idCursos=_idCursos AND idPeriodoLectivo=_idPeriodoLectivo AND idAsignaturas=_idAsignaturas;
end if;


/*NotaDiciembre*/
if(SELECT count(NotaDiciembre) from notas where idAlumnos=_idAlumnos AND idCursos=_idCursos AND idPeriodoLectivo=_idPeriodoLectivo AND idAsignaturas=_idAsignaturas)=0 then
UPDATE notas SET NotaDiciembre = _notaDiciembre where idAlumnos=_idAlumnos AND idCursos=_idCursos AND idPeriodoLectivo=_idPeriodoLectivo AND idAsignaturas=_idAsignaturas;
end if;

/*RecuperaTP*/
if(SELECT count(RecuperaTp) from notas where idAlumnos=_idAlumnos AND idCursos=_idCursos AND idPeriodoLectivo=_idPeriodoLectivo AND idAsignaturas=_idAsignaturas)=0 then
UPDATE notas SET RecuperaTp = _recuperaTP where idAlumnos=_idAlumnos AND idCursos=_idCursos AND idPeriodoLectivo=_idPeriodoLectivo AND idAsignaturas=_idAsignaturas;
end if;


/*NotaMarzo*/
if(SELECT count(NotaMarzo) from notas where idAlumnos=_idAlumnos AND idCursos=_idCursos AND idPeriodoLectivo=_idPeriodoLectivo AND idAsignaturas=_idAsignaturas)=0 then
UPDATE notas SET NotaMarzo = _notaMarzo where idAlumnos=_idAlumnos AND idCursos=_idCursos AND idPeriodoLectivo=_idPeriodoLectivo AND idAsignaturas=_idAsignaturas;
end if;


/*CalificacionDefinitiva*/
if(SELECT count(CalificacionDefinitiva) from notas where idAlumnos=_idAlumnos AND idCursos=_idCursos AND idPeriodoLectivo=_idPeriodoLectivo AND idAsignaturas=_idAsignaturas)=0 then
UPDATE notas SET CalificacionDefinitiva = _calificacionDefinitiva where idAlumnos=_idAlumnos AND idCursos=_idCursos AND idPeriodoLectivo=_idPeriodoLectivo AND idAsignaturas=_idAsignaturas;
end if;


/*FechaAprobado*/
if(SELECT count(FechaAprobado) from notas where idAlumnos=_idAlumnos AND idCursos=_idCursos AND idPeriodoLectivo=_idPeriodoLectivo AND idAsignaturas=_idAsignaturas)=0 then
UPDATE notas SET FechaAprobado = _fechaAprobado where idAlumnos=_idAlumnos AND idCursos=_idCursos AND idPeriodoLectivo=_idPeriodoLectivo AND idAsignaturas=_idAsignaturas;
end if;


/*libro*/
if(SELECT count(libro) from notas where idAlumnos=_idAlumnos AND idCursos=_idCursos AND idPeriodoLectivo=_idPeriodoLectivo AND idAsignaturas=_idAsignaturas)=0 then
UPDATE notas SET libro = _libro where idAlumnos=_idAlumnos AND idCursos=_idCursos AND idPeriodoLectivo=_idPeriodoLectivo AND idAsignaturas=_idAsignaturas;
end if;


/*folio*/
if(SELECT count(folio) from notas where idAlumnos=_idAlumnos AND idCursos=_idCursos AND idPeriodoLectivo=_idPeriodoLectivo AND idAsignaturas=_idAsignaturas)=0 then
UPDATE notas SET folio = _folio where idAlumnos=_idAlumnos AND idCursos=_idCursos AND idPeriodoLectivo=_idPeriodoLectivo AND idAsignaturas=_idAsignaturas;
end if;

END IF;
END;

#
# Procedure "altaNotas1"
#

CREATE PROCEDURE `altaNotas1`(IN _diagnostico1 INT,
  IN _concepto1 INT, IN _cuatrimestral1 DOUBLE UNSIGNED, IN _promedioCuat1 DOUBLE,
  IN _diagnostico2 INT, IN _concepto2 INT, IN _cuatrimestral2 DOUBLE,
  IN _promedioCuat2 DOUBLE, IN _promedioAnual DOUBLE, IN _notaDiciembre INT,
  IN _notaMarzo INT, IN _calificacionDefinitiva DOUBLE, IN _fechaAprobado date,
  IN _libro INT, IN _folio INT, IN _idAlumnos INT, IN _idCursos INT,  IN _idAsignaturas INT,IN _idPeriodoLectivo INT)
BEGIN
IF (SELECT count(*) from  alumnos_estan_en_cursos WHERE idAlumnos=_idAlumnos AND idCursos=_idCursos AND idPeriodoLectivo=_idPeriodoLectivo)=1 THEN


UPDATE notas SET Diagnostico1 = _diagnostico1, Concepto1 = _concepto1, Cuatrimestral1 = _cuatrimestral1, PromedioCuat1 = _promedioCuat1, Diagnostico2 = _diagnostico2,  Concepto2 = _concepto2, Cuatrimestral2 = _cuatrimestral2, PromedioCuat2 = _promedioCuat2, PromedioAnual = _promedioAnual, NotaDiciembre = _notaDiciembre, NotaMarzo = _notaMarzo, CalificacionDefinitiva = _calificacionDefinitiva, FechaAprobado = _fechaAprobado, libro = _libro, folio = _folio  where idAlumnos=_idAlumnos AND idCursos=_idCursos AND idPeriodoLectivo=_idPeriodoLectivo AND idAsignaturas=_idAsignaturas;
end if;


END;

#
# Procedure "altaPeriodoLectivo"
#

CREATE PROCEDURE `altaPeriodoLectivo`(IN _año year)
BEGIN
declare a year;
SET a=_año;
IF (SELECT count(*) from  periodolectivo WHERE Año=a) < 1 THEN
INSERT INTO periodolectivo (Año) VALUES (_año);
END IF;

END;

#
# Procedure "altaPrevias"
#

CREATE PROCEDURE `altaPrevias`(
 IN _rectp1prev INT ,
 IN _previa1 INT, IN _rectp2prev INT ,
 IN _previa2 INT,IN _rectp3prev INT ,
 IN _previa3 INT,  IN _calificacionDefinitiva DOUBLE, 
 IN _fechaAprobado date, IN _libro INT , IN _folio INT , 
 IN _idAlumnos INT , IN _idCursos INT , IN _idAsignaturas INT , 
 IN _idPeriodoLectivo INT )
BEGIN
IF (SELECT count(*) from  alumnos_estan_en_cursos WHERE idAlumnos=_idAlumnos AND idCursos=_idCursos AND idPeriodoLectivo=_idPeriodoLectivo)=1 THEN



/*RecuperaTP Previa 1*/
if(SELECT count(RecuperaTpPrevia1) from notas where idAlumnos=_idAlumnos AND idCursos=_idCursos AND idPeriodoLectivo=_idPeriodoLectivo AND idAsignaturas=_idAsignaturas)=0 then
UPDATE notas SET RecuperaTp = _rectp1prev where idAlumnos=_idAlumnos AND idCursos=_idCursos AND idPeriodoLectivo=_idPeriodoLectivo AND idAsignaturas=_idAsignaturas;
end if;


/*Previa 1*/
if(SELECT count(NotaPrevia1) from notas where idAlumnos=_idAlumnos AND idCursos=_idCursos AND idPeriodoLectivo=_idPeriodoLectivo AND idAsignaturas=_idAsignaturas)=0 then
UPDATE notas SET NotaPrevia1 = _previa1 where idAlumnos=_idAlumnos AND idCursos=_idCursos AND idPeriodoLectivo=_idPeriodoLectivo AND idAsignaturas=_idAsignaturas;
end if;

/*RecuperaTP Previa 2*/
if(SELECT count(RecuperaTpPrevia2) from notas where idAlumnos=_idAlumnos AND idCursos=_idCursos AND idPeriodoLectivo=_idPeriodoLectivo AND idAsignaturas=_idAsignaturas)=0 then
UPDATE notas SET RecuperaTpPrevia2 = _rectp2prev where idAlumnos=_idAlumnos AND idCursos=_idCursos AND idPeriodoLectivo=_idPeriodoLectivo AND idAsignaturas=_idAsignaturas;
end if;


/*Previa 2*/
if(SELECT count(NotaPrevia2) from notas where idAlumnos=_idAlumnos AND idCursos=_idCursos AND idPeriodoLectivo=_idPeriodoLectivo AND idAsignaturas=_idAsignaturas)=0 then
UPDATE notas SET NotaPrevia2 = _previa2 where idAlumnos=_idAlumnos AND idCursos=_idCursos AND idPeriodoLectivo=_idPeriodoLectivo AND idAsignaturas=_idAsignaturas;
end if;

/*RecuperaTP Previa 3*/
if(SELECT count(RecuperaTpPrevia3) from notas where idAlumnos=_idAlumnos AND idCursos=_idCursos AND idPeriodoLectivo=_idPeriodoLectivo AND idAsignaturas=_idAsignaturas)=0 then
UPDATE notas SET RecuperaTpPrevia3 = _rectp3prev where idAlumnos=_idAlumnos AND idCursos=_idCursos AND idPeriodoLectivo=_idPeriodoLectivo AND idAsignaturas=_idAsignaturas;
end if;


/*Previa 3*/
if(SELECT count(NotaPrevia3) from notas where idAlumnos=_idAlumnos AND idCursos=_idCursos AND idPeriodoLectivo=_idPeriodoLectivo AND idAsignaturas=_idAsignaturas)=0 then
UPDATE notas SET NotaPrevia3 = _previa3 where idAlumnos=_idAlumnos AND idCursos=_idCursos AND idPeriodoLectivo=_idPeriodoLectivo AND idAsignaturas=_idAsignaturas;
end if;

/*CalificacionDefinitiva*/
if(SELECT count(CalificacionDefinitiva) from notas where idAlumnos=_idAlumnos AND idCursos=_idCursos AND idPeriodoLectivo=_idPeriodoLectivo AND idAsignaturas=_idAsignaturas)=0 then
UPDATE notas SET CalificacionDefinitiva = _calificacionDefinitiva where idAlumnos=_idAlumnos AND idCursos=_idCursos AND idPeriodoLectivo=_idPeriodoLectivo AND idAsignaturas=_idAsignaturas;
end if;


/*FechaAprobado*/
if(SELECT count(FechaAprobado) from notas where idAlumnos=_idAlumnos AND idCursos=_idCursos AND idPeriodoLectivo=_idPeriodoLectivo AND idAsignaturas=_idAsignaturas)=0 then
UPDATE notas SET FechaAprobado = _fechaAprobado where idAlumnos=_idAlumnos AND idCursos=_idCursos AND idPeriodoLectivo=_idPeriodoLectivo AND idAsignaturas=_idAsignaturas;
end if;


/*libro*/
if(SELECT count(libro) from notas where idAlumnos=_idAlumnos AND idCursos=_idCursos AND idPeriodoLectivo=_idPeriodoLectivo AND idAsignaturas=_idAsignaturas)=0 then
UPDATE notas SET libro = _libro where idAlumnos=_idAlumnos AND idCursos=_idCursos AND idPeriodoLectivo=_idPeriodoLectivo AND idAsignaturas=_idAsignaturas;
end if;


/*folio*/
if(SELECT count(folio) from notas where idAlumnos=_idAlumnos AND idCursos=_idCursos AND idPeriodoLectivo=_idPeriodoLectivo AND idAsignaturas=_idAsignaturas)=0 then
UPDATE notas SET folio = _folio where idAlumnos=_idAlumnos AND idCursos=_idCursos AND idPeriodoLectivo=_idPeriodoLectivo AND idAsignaturas=_idAsignaturas;
end if;

END IF;
END;

#
# Procedure "altaProfesores"
#

CREATE PROCEDURE `altaProfesores`(IN _nombre varchar(45), IN _apellido varchar(45), 
IN _dni int unsigned)
BEGIN
declare d int unsigned;
declare a varchar(45);
SET d=_dni;
SET a=_apellido;
IF (SELECT count(*) from  profesores WHERE DNI=d AND Apellido=a) < 1 THEN
INSERT INTO profesores (Nombre, Apellido, DNI) VALUES (_nombre, _apellido, _dni);
END IF;

END;

#
# Procedure "altaProfesoresDictanAsignaturasEnCursos"
#

CREATE PROCEDURE `altaProfesoresDictanAsignaturasEnCursos`(IN _idprofesor int unsigned, 
IN _idasignatura int unsigned, IN _idcurso int unsigned, IN _idperiodolectivo int unsigned)
BEGIN
declare p, a, c, pl int unsigned;
SET p=_idprofesor;
SET a=_idasignatura;
SET c=_idcurso;
SET pl=_idperiodolectivo;
IF (SELECT count(*) from  profesores_dictan_asignaturas_en_cursos WHERE idProfesores=p AND idAsignaturas=a AND idCursos=c AND idPeriodolectivo=pl)<1 THEN
	IF (SELECT count(*) from  profesores_dictan_asignaturas_en_cursos WHERE idCursos=c AND idAsignaturas=a AND idPeriodolectivo=pl)<1 THEN
    IF (SELECT count(*) from  cursos_tienen_asignaturas WHERE idAsignaturas=a AND idPeriodolectivo=pl)<1 THEN
    
INSERT INTO profesores_dictan_asignaturas_en_cursos (idProfesores, idAsignaturas, idCursos, idPeriodolectivo) VALUES (p, a, c, pl);
END IF;
END IF;
END IF;
END;

#
# Procedure "altaSanciones"
#

CREATE PROCEDURE `altaSanciones`(IN _denunciante varchar(45), IN _motivo varchar(255),
IN _cantidad int(11) unsigned, IN _fecha date, IN _idalumnos INT UNSIGNED, IN _idperiodolectivo int)
BEGIN

IF (SELECT count(*) from  alumnos_estan_en_cursos WHERE idAlumnos=_idalumnos AND idPeriodoLectivo=_idperiodolectivo) = 1 THEN
INSERT INTO sanciones (Denunciante, Motivo, Cantidad, Fecha, idAlumnos, idPeriodolectivo) VALUES (_denunciante, _motivo, _cantidad, _fecha, _idalumnos, _idperiodolectivo);
INSERT INTO inasistencias (Fecha, Lugar, Tipo, Cantidad, Turno, idAlumnos, Justificacion, Nota, idPeriodoLectivo) VALUES (_fecha, 'N/C', 'SUSPENSION', _cantidad, 'N/C', _idalumnos, 'N/C', _motivo, _idperiodolectivo);
END IF;
END;

#
# Procedure "altaTP"
#

CREATE PROCEDURE `altaTP`(IN _nombre varchar(45), IN _fasig date, IN _fentrega date, 
IN _idasignaturas int unsigned, IN _idprofesores int unsigned, IN _idcursos int unsigned, IN _idcuatrimestre int unsigned)
BEGIN
declare n varchar(45);
declare a, p, c, cuat int unsigned;
SET n=_nombre;
SET a=_idasignaturas;
SET p=_idprofesores;
SET c=_idcursos;
SET cuat=_idcuatrimestre;


IF (SELECT count(*) from  profesores_dictan_asignaturas_en_cursos WHERE idProfesores=p AND idAsignaturas=a AND idCursos=c)=1 THEN

IF (SELECT count(*) from  trabajospracticos WHERE Nombre=n AND idAsignaturas=a AND idProfesores=p AND idCursos=c AND idCuatrimestre=cuat)<1 THEN

INSERT INTO trabajospracticos (Nombre, FechaAsignacion, FechaEntrega, idAsignaturas, idProfesores, idCursos, idCuatrimestre) VALUES (n, _fasig, _fentrega, a, p, c, cuat);

END IF;
END IF;

END;

#
# Procedure "AM_AlumnosPresentanTP"
#

CREATE PROCEDURE `AM_AlumnosPresentanTP`(IN _idalumnos int, IN _idtrabajospracticos int, IN _estado enum('APROBADO','DESAPROBADO'))
BEGIN
DECLARE tp, a int;
DECLARE e enum('APROBADO','DESAPROBADO');
SET tp=_idtrabajospracticos;
SET a=_idalumnos;
SET e=_estado;
IF (SELECT count(*) from  trabajospracticos WHERE idTrabajosPracticos=tp) = 1 THEN
IF (SELECT count(*) from  alumnos_presentan_trabajospracticos WHERE idTrabajosPracticos=tp AND idAlumnos=a) < 1 THEN
INSERT INTO alumnos_presentan_trabajospracticos (idAlumnos, idTrabajosPracticos, Estado) VALUES (a, tp, e);
END IF;
END IF;
END;

#
# Procedure "modifica_alumnos_tienen_familiares"
#

CREATE PROCEDURE `modifica_alumnos_tienen_familiares`(IN _idalumnos int, IN _idfamiliares int, IN _parentesco enum('MADRE','PADRE','TUTOR'))
BEGIN
DECLARE f, a int;
DECLARE p enum('MADRE','PADRE','TUTOR');
SET f=_idfamiliares;
SET a=_idalumnos;
SET p=_parentesco;
if(SELECT count(*) from alumnos_tienen_familiares WHERE idAlumnos=a)>0 THEN
UPDATE alumnos_tienen_familiares SET idFamiliares = f, Parentesco = p WHERE idAlumnos = a;
end if;
END;

#
# Procedure "modificaAlumnos"
#

CREATE PROCEDURE `modificaAlumnos`(IN _idalumnos int(11) unsigned, IN _nombre varchar(45),
IN _apellido varchar(45),
IN _dni int(11),
IN _FechaNac date,
IN _direccion varchar(100),
IN _localidad varchar(100),
IN _telefono int(11) unsigned,
IN _mail varchar(100),
IN _legajo int(11),
IN _estado enum('REGULAR','LIBRE','EGRESADO'))
BEGIN
declare id INT(11);
SET id=_idalumnos;
IF (SELECT count(*) from  alumnos WHERE idAlumnos=id) > 0  THEN 
UPDATE alumnos SET Nombre=_nombre, Apellido=_apellido, DNI=_dni, FechaNac=_FechaNac, Direccion=_direccion, Localidad=_localidad, Telefono=_telefono, Mail=_mail, Legajo=_legajo, Estado = _estado  WHERE idAlumno=id;
END IF;
END;
